id,type_id,category_id,name,description,image,created_at,updated_at
,2,72,ACON0001,Carrier 1.0HP Non Inverter w/ timer..,,18/05/2021 8:55,18/05/2021 8:55
,2,72,ACON0002,Carrier 2.0HP Non Inverter w/ timer,,18/05/2021 8:55,18/05/2021 8:55
,2,72,ACON0003,Condura 1.0HP Non Inverter w/ timer..,,18/05/2021 8:55,18/05/2021 8:55
,2,72,ACON0004,Condura 2.0HP Non Inverter w/ timer..,,18/05/2021 8:55,18/05/2021 8:55
,2,72,ACON0005,Condura 2.5HP Non Inverter w/ timer..,,18/05/2021 8:55,18/05/2021 8:55
,2,72,ACON0006,Carrier 2.5HP Split Type Inverter Standard..,,18/05/2021 8:55,18/05/2021 8:55
,2,72,ACON0007,Panasonic 2.0HP Split Type Inverter Standard,,18/05/2021 8:55,18/05/2021 8:55
,2,72,ACON0008,Condura 2.0HP Split Type Inverter Standard,,18/05/2021 8:55,18/05/2021 8:55
,1,1,ACSS0001,3M Uy Connector..,,18/05/2021 8:55,18/05/2021 8:55
,1,1,ACSS0004,Adaptor,,18/05/2021 8:55,18/05/2021 8:55
,1,1,ACSS0007,HP Raid Controller Battery,,18/05/2021 8:55,18/05/2021 8:55
,2,1,ACSS0014,Power Supply,,18/05/2021 8:55,18/05/2021 8:55
,1,1,ACSS0015,Audio Voltage Stabilizer,,18/05/2021 8:55,18/05/2021 8:55
,1,1,ACSS0016,Screen Guard,,18/05/2021 8:55,18/05/2021 8:55
,2,1,ACSS0017,Surge Protector,,18/05/2021 8:55,18/05/2021 8:55
,1,1,ACSS0018,RJ 45,,18/05/2021 8:55,18/05/2021 8:55
,1,1,ACSS0019,RJ 45 Outlet,,18/05/2021 8:55,18/05/2021 8:55
,1,1,ACSS0020,RJ45 Copper,,18/05/2021 8:55,18/05/2021 8:55
,1,1,ACSS0023,G.I Wire (Roll),,18/05/2021 8:55,18/05/2021 8:55
,1,1,ACSS0024,Thermal cleaning pen,,18/05/2021 8:55,18/05/2021 8:55
,1,1,ACSS0025,Coaxial Connector,,18/05/2021 8:55,18/05/2021 8:55
,1,1,ACSS0026,Expansion Bolt 5/16,,18/05/2021 8:55,18/05/2021 8:55
,1,1,ACSS0027,Expansion Bolt 1/4,,18/05/2021 8:55,18/05/2021 8:55
,1,1,ACSS0028,Expansion Bolt 3/8,,18/05/2021 8:55,18/05/2021 8:55
,1,1,ACSS0029,Flexible Hose 1/2,,18/05/2021 8:55,18/05/2021 8:55
,1,1,ACSS0030,"Flexible Hose 1""",,18/05/2021 8:55,18/05/2021 8:55
,1,1,ACSS0031,Drill bit 4 mm,,18/05/2021 8:55,18/05/2021 8:55
,1,1,ACSS0032,Drill bit 6.5 mm,,18/05/2021 8:55,18/05/2021 8:55
,1,1,ACSS0033,Drill bit 12mm,,18/05/2021 8:55,18/05/2021 8:55
,2,1,ACSS0034,Ballas (Philipps 230V ),,18/05/2021 8:55,18/05/2021 8:55
,2,1,ACSS0035,Ballas ( GE 230V),,18/05/2021 8:55,18/05/2021 8:55
,1,1,ACSS0036,Power cord,,18/05/2021 8:55,18/05/2021 8:55
,2,1,ACSS0039,Pull box  4x4x2,,18/05/2021 8:55,18/05/2021 8:55
,2,1,ACSS0040,Pull box 4X8X8,,18/05/2021 8:55,18/05/2021 8:55
,1,1,ACSS0041,Gypsum Screw,,18/05/2021 8:55,18/05/2021 8:55
,2,1,ACSS0045,Early Warning Device,,18/05/2021 8:55,18/05/2021 8:55
,2,1,ACSS0046,UPS Battery (Panasonic),,18/05/2021 8:55,18/05/2021 8:55
,2,1,ACSS0047,Industrial Media Converter,,18/05/2021 8:55,18/05/2021 8:55
,1,1,ACSS0048,Switch Box,,18/05/2021 8:55,18/05/2021 8:55
,1,1,ACSS0049,Blank Plate,,18/05/2021 8:55,18/05/2021 8:55
,1,1,ACSS0050,No more nails,,18/05/2021 8:55,18/05/2021 8:55
,1,1,ACSS0052,Cage Nuts,,18/05/2021 8:55,18/05/2021 8:55
,2,1,ACSS0055,LED TV Bracket,,18/05/2021 8:55,18/05/2021 8:55
,2,1,ACSS0057,"BOSEbuild,Speaker Cube",,18/05/2021 8:55,18/05/2021 8:55
,2,1,ACSS0058,Led Board,,18/05/2021 8:55,18/05/2021 8:55
,1,1,ACSS0059,Travel Power Adaptor,,18/05/2021 8:55,18/05/2021 8:55
,1,1,ACSS0063,Wire Grip (Kamalong),,18/05/2021 8:55,18/05/2021 8:55
,1,1,ACSS0065,Y Terminal 5.5 - 4L,,18/05/2021 8:55,18/05/2021 8:55
,1,1,ACSS0066,Y Terminal 5.5 - 5L,,18/05/2021 8:55,18/05/2021 8:55
,2,1,ACSS0067,"HP 2.5"" Drive Bay Fillers",,18/05/2021 8:55,18/05/2021 8:55
,1,1,ACSS0068,CCTV Camera Bracket,,18/05/2021 8:55,18/05/2021 8:55
,1,1,ACSS0071,NGX Cement Floor Mount Kit,,18/05/2021 8:55,18/05/2021 8:55
,1,1,ACSS0072,End Terminal Set (Double Power Supply Cabinet Power Cable OT),,18/05/2021 8:55,18/05/2021 8:55
,1,1,ACSS0073,DCM Gage-Required Delivery Accessories,,18/05/2021 8:55,18/05/2021 8:55
,2,1,ACSS0076,Docking Station Power Supply,,18/05/2021 8:55,18/05/2021 8:55
,2,1,ACSS0077,USB Fast Charger,,18/05/2021 8:55,18/05/2021 8:55
,2,1,ACSS0078,Onedear Wireless Speaker,,18/05/2021 8:55,18/05/2021 8:55
,2,1,ACSS0079,HDD Blank Dummy Filler Caddy,,18/05/2021 8:55,18/05/2021 8:55
,2,1,ACSS0080,Metal Power Adapter,,18/05/2021 8:55,18/05/2021 8:55
,2,1,ACSS0081,Desktop PC Casing,,18/05/2021 8:55,18/05/2021 8:55
,1,1,ACSS0083,Restricted Tape,,18/05/2021 8:55,18/05/2021 8:55
,2,1,ACSS0084,Tie Gun Kabelbinder - Pistole,,18/05/2021 8:55,18/05/2021 8:55
,2,1,ACSS0085,USB 16GB,,18/05/2021 8:55,18/05/2021 8:55
,2,4,ANDR0001,Android battery,,18/05/2021 8:55,18/05/2021 8:55
,1,4,ANDR0002,Android Battery Cover IP68,,18/05/2021 8:55,18/05/2021 8:55
,2,4,ANDR0003,Android Charger,,18/05/2021 8:55,18/05/2021 8:55
,2,4,ANDR0004,USB Cable- Android,,18/05/2021 8:55,18/05/2021 8:55
,2,4,ANDR0005,Android Headset,,18/05/2021 8:55,18/05/2021 8:55
,1,4,ANDR0006,Accessories for android,,18/05/2021 8:55,18/05/2021 8:55
,1,4,ANDR0007,Android Sling,,18/05/2021 8:55,18/05/2021 8:55
,1,4,ANDR0008,Carabiners with Compass (Android Sling),,18/05/2021 8:55,18/05/2021 8:55
,2,4,ANDR0009,Android Micro SD Card,,18/05/2021 8:55,18/05/2021 8:55
,2,4,ANDR0010,Android Sandisk Card 16GB,,18/05/2021 8:55,18/05/2021 8:55
,2,4,ANDR0011,TNT Sim Card,,18/05/2021 8:55,18/05/2021 8:55
,2,4,ANDR0012,Globe Sim Card,,18/05/2021 8:55,18/05/2021 8:55
,2,4,ANDR0013,TM Sim Card,,18/05/2021 8:55,18/05/2021 8:55
,1,4,ANDR0014,Android Phone P8 Casing/Housing,,18/05/2021 8:55,18/05/2021 8:55
,1,4,ANDR0015,Android Phone P8 Display/Touchscreen,,18/05/2021 8:55,18/05/2021 8:55
,2,4,ANDR0016,Kingston Micro SD Card 32GB,,18/05/2021 8:55,18/05/2021 8:55
,2,4,ANDR0017,Sandisk Micro SD Card 32GB,,18/05/2021 8:55,18/05/2021 8:55
,2,4,ANDR0018,Android Phone Device,,18/05/2021 8:55,18/05/2021 8:55
,2,4,ANDR0019,Android Phone Device- RF,,18/05/2021 8:55,18/05/2021 8:55
,2,4,ANDR0020,Android Phone Defectives,,18/05/2021 8:55,18/05/2021 8:55
,2,4,ANDR0021,Android Phone P8,,18/05/2021 8:55,18/05/2021 8:55
,2,4,ANDR0022,Android Phone - BD45,,18/05/2021 8:55,18/05/2021 8:55
,1,4,ANDR0023,Android Phone Bag for BD45,,18/05/2021 8:55,18/05/2021 8:55
,1,4,ANDR0024,Android Hand Strap,,18/05/2021 8:55,18/05/2021 8:55
,1,4,ANDR0025,Android Battery Cover,,18/05/2021 8:55,18/05/2021 8:55
,2,4,ANDR0026,Android Phone P8 - RF,,18/05/2021 8:55,18/05/2021 8:55
,2,4,ANDR0027,"Android Phone 4GB RAM,128GB Storage",,18/05/2021 8:55,18/05/2021 8:55
,2,4,ANDR0028,Android USB Type C..,,18/05/2021 8:55,18/05/2021 8:55
,2,5,APEX0001, Apex 3  Charger,,18/05/2021 8:55,18/05/2021 8:55
,1,5,APEX0002,Apex 3 IP54  leather case,,18/05/2021 8:55,18/05/2021 8:55
,2,5,APEX0003,Apex 3 Printer Battery,,18/05/2021 8:55,18/05/2021 8:55
,2,5,APEX0004,Apex 3 Dual Charger,,18/05/2021 8:55,18/05/2021 8:55
,2,5,APEX0005,Power Supply for Dual Charger,,18/05/2021 8:55,18/05/2021 8:55
,1,5,APEX0006,Belt clip,,18/05/2021 8:55,18/05/2021 8:55
,2,5,APEX0007,Apex 3 Power Supply (China),,18/05/2021 8:55,18/05/2021 8:55
,1,5,APEX0008,Coiled Cable,,18/05/2021 8:55,18/05/2021 8:55
,2,5,APEX0009,Apex 3 Printer,,18/05/2021 8:55,18/05/2021 8:55
,2,5,APEX0010,Apex 3 Printer with Bluetooth,,18/05/2021 8:55,18/05/2021 8:55
,2,5,APEX0011,Apex 3 Printer - RF,,18/05/2021 8:55,18/05/2021 8:55
,2,5,APEX0012,Apex 3 Printer with Bluetooth - RF,,18/05/2021 8:55,18/05/2021 8:55
,2,5,APEX0013,Apex 3 Bluetooth Module,,18/05/2021 8:55,18/05/2021 8:55
,1,73,BAG00001,"ACER 15.6"" Backpack",,18/05/2021 8:55,18/05/2021 8:55
,1,73,BAG00002,Asus Backpack,,18/05/2021 8:55,18/05/2021 8:55
,2,6,BCKP0001,Rectifier (C-CAN48-2400B),,18/05/2021 8:55,18/05/2021 8:55
,2,6,BCKP0002,Rectifier Modular (C-CAN220/48-50A),,18/05/2021 8:55,18/05/2021 8:55
,2,6,BCKP0003,Rectifier (C-CAN220/48-200A),,18/05/2021 8:55,18/05/2021 8:55
,2,6,BCKP0004,Inverter (C-CAN48/220-5KLC),,18/05/2021 8:55,18/05/2021 8:55
,2,6,BCKP0005,Inverter (C-CAN48/220-10KLC),,18/05/2021 8:55,18/05/2021 8:55
,2,6,BCKP0006,Power Inverter,,18/05/2021 8:55,18/05/2021 8:55
,2,6,BCKP0007,Sealed battery (KF12-100),,18/05/2021 8:55,18/05/2021 8:55
,2,6,BCKP0008,Sealed Battery (FT12-100 Eagle),,18/05/2021 8:55,18/05/2021 8:55
,2,6,BCKP0009,Metal Battery Rack 48-100,,18/05/2021 8:55,18/05/2021 8:55
,2,6,BCKP0010,Battery Terminal Connector,,18/05/2021 8:55,18/05/2021 8:55
,2,6,BCKP0012,Life Po4 48V/50A,,18/05/2021 8:55,18/05/2021 8:55
,2,6,BCKP0013,AVR-D5KVA15,,18/05/2021 8:55,18/05/2021 8:55
,2,6,BCKP0014,AVR-D10KVA15,,18/05/2021 8:55,18/05/2021 8:55
,2,6,BCKP0015,ACER Aspire 4741 Battery,,18/05/2021 8:55,18/05/2021 8:55
,2,6,BCKP0016,Back-up Battery (M6 Time Attendance Machine),,18/05/2021 8:55,18/05/2021 8:55
,1,74,BELT00001,Safety Belt/Lineman Belt,,18/05/2021 8:55,18/05/2021 8:55
,2,75,BIOM0001,Biometric ZKTECO Model:K-30,,18/05/2021 8:55,18/05/2021 8:55
,2,75,BIOM0002,M6 Time Attendance Machine ( Finger Print & Face Recognition & Password)..Provide SDK,,18/05/2021 8:55,18/05/2021 8:55
,2,75,BIOM0003,M6 Time Attendance Machine (Finger Print & Password)..Provide SDK,,18/05/2021 8:55,18/05/2021 8:55
,2,76,BROD0001,Brother Labeler Printer,,18/05/2021 8:55,18/05/2021 8:55
,2,76,BROD0002,Brother Labeler Cassette,,18/05/2021 8:55,18/05/2021 8:55
,2,8,CABI00001,Data Cabinet 1FT 1X1,,18/05/2021 8:55,18/05/2021 8:55
,2,8,CABI00002,Data Cabinet 4FT 21.5 X 24,,18/05/2021 8:55,18/05/2021 8:55
,2,8,CABI00003,Data CAbinet 2FT 24X24,,18/05/2021 8:55,18/05/2021 8:55
,2,8,CABI00004,Data Cabinet 2.5FT,,18/05/2021 8:55,18/05/2021 8:55
,2,8,CABI00005,Data Cabinet 5FT (6935 ST-D Series),,18/05/2021 8:55,18/05/2021 8:55
,2,8,CABI00006,Data Cabinet 7FT (6945 ST-D Series),,18/05/2021 8:55,18/05/2021 8:55
,2,8,CABI00007,Battery Rack,,18/05/2021 8:55,18/05/2021 8:55
,2,8,CABI00008,Fiber Optic Cross Connection Cabinet,,18/05/2021 8:55,18/05/2021 8:55
,2,8,CABI00009,Indoor Cabinet,,18/05/2021 8:55,18/05/2021 8:55
,2,8,CABI00010,Outdoor Cabinet,,18/05/2021 8:55,18/05/2021 8:55
,2,8,CABI00011,Outdoor Cabinet 2FT,,18/05/2021 8:55,18/05/2021 8:55
,2,8,CABI00012,144F Outdoor Pole Mount Cabinet,,18/05/2021 8:55,18/05/2021 8:55
,2,8,CABI00013,288F Outdoor Pole Mount Cabinet,,18/05/2021 8:55,18/05/2021 8:55
,2,8,CABI0014,AB Outdoor Pole Mounted Cabinet (AB305020),,18/05/2021 8:55,18/05/2021 8:55
,1,9,CABL00001,1C Fiber Optic Cable,,18/05/2021 8:55,18/05/2021 8:55
,1,9,CABL00002,6C Fiber Optic Cable,,18/05/2021 8:55,18/05/2021 8:55
,1,9,CABL00003,12C Fiber Optic Cable,,18/05/2021 8:55,18/05/2021 8:55
,1,9,CABL00004,24C Fiber Optic Cable,,18/05/2021 8:55,18/05/2021 8:55
,1,9,CABL00005,48C Fiber Optic Cable,,18/05/2021 8:55,18/05/2021 8:55
,1,9,CABL00006,96C Fiber Optic Cable,,18/05/2021 8:55,18/05/2021 8:55
,1,9,CABL00007,96C Fiber Optic Cable Single Mode,,18/05/2021 8:55,18/05/2021 8:55
,1,9,CABL00008,Drop Fiber (Single Core),,18/05/2021 8:55,18/05/2021 8:55
,1,9,CABL00009,Drop Fiber (Double Core),,18/05/2021 8:55,18/05/2021 8:55
,1,9,CABL00010,Drop Wire (Two Copper),,18/05/2021 8:55,18/05/2021 8:55
,1,9,CABL00011,Drop Wire,,18/05/2021 8:55,18/05/2021 8:55
,1,9,CABL00012,48C Fiber Optic Cable (Apollo),,18/05/2021 8:55,18/05/2021 8:55
,1,9,CABL00013,48C Fiber Optic Cable (Retaso),,18/05/2021 8:55,18/05/2021 8:55
,1,9,CABL00014,12C Fiber Optic Cable (Apollo),,18/05/2021 8:55,18/05/2021 8:55
,1,9,CABL00015,USB AM - BM Cable 3m,,18/05/2021 8:55,18/05/2021 8:55
,1,9,CABL00016,USB Printer Cable (1.5m long),,18/05/2021 8:55,18/05/2021 8:55
,1,9,CABL00017,USB To Serial Cable,,18/05/2021 8:55,18/05/2021 8:55
,1,9,CABL00021,Cable Ties #3,,18/05/2021 8:55,18/05/2021 8:55
,1,9,CABL00022,Cable Ties #4,,18/05/2021 8:55,18/05/2021 8:55
,1,9,CABL00023,Cable Ties #5,,18/05/2021 8:55,18/05/2021 8:55
,1,9,CABL00024,Cable Ties #6,,18/05/2021 8:55,18/05/2021 8:55
,1,9,CABL00025,Cable Ties #7,,18/05/2021 8:55,18/05/2021 8:55
,1,9,CABL00026,Cable Ties #8,,18/05/2021 8:55,18/05/2021 8:55
,1,9,CABL00027,Cable Ties #10,,18/05/2021 8:55,18/05/2021 8:55
,1,9,CABL00028,Cable Ties #12,,18/05/2021 8:55,18/05/2021 8:55
,1,9,CABL00029,Cable Clips / U-Nail #1 (100pcs/pack),,18/05/2021 8:55,18/05/2021 8:55
,1,9,CABL00030,Cable Clips / U-Nail #2,,18/05/2021 8:55,18/05/2021 8:55
,1,9,CABL00031,Cable Clips / U-Nail #6,,18/05/2021 8:55,18/05/2021 8:55
,1,9,CABL00032,Cable Clips / U-Nail #8,,18/05/2021 8:55,18/05/2021 8:55
,1,9,CABL00033,Cable Clips / U-Nail #12,,18/05/2021 8:55,18/05/2021 8:55
,1,9,CABL00034,Raid Battery Cable,,18/05/2021 8:55,18/05/2021 8:55
,1,9,CABL00035,Coaxial Cable RG-6,,18/05/2021 8:55,18/05/2021 8:55
,1,9,CABL00036,Power Cable (Blue),,18/05/2021 8:55,18/05/2021 8:55
,1,9,CABL00037,Power Cable (Yellow/Green),,18/05/2021 8:55,18/05/2021 8:55
,1,9,CABL00038,Power Cable (Black),,18/05/2021 8:55,18/05/2021 8:55
,1,9,CABL00041,Cable Management,,18/05/2021 8:55,18/05/2021 8:55
,1,9,CABL00042,Power Distribution Unit (PDU),,18/05/2021 8:55,18/05/2021 8:55
,1,9,CABL00043,USB Wireless N Adapter 150Mbps,,18/05/2021 8:55,18/05/2021 8:55
,1,9,CABL00044,Uline Horizontal ID Tie #4,,18/05/2021 8:55,18/05/2021 8:55
,1,9,CABL00045,Uline Vertical ID Tie #7,,18/05/2021 8:55,18/05/2021 8:55
,1,9,CABL00046,Uline Releasable Cable Tie #10,,18/05/2021 8:55,18/05/2021 8:55
,1,9,CABL00047,Uline Releasable Cable Tie #16,,18/05/2021 8:55,18/05/2021 8:55
,1,9,CABL00048,Cable Tie Kit,,18/05/2021 8:55,18/05/2021 8:55
,2,10,CAME00003,A4Tech  Webcam,,18/05/2021 8:55,18/05/2021 8:55
,2,10,CAME00021,POE Tranceiver Balun,,18/05/2021 8:55,18/05/2021 8:55
,2,10,CAME00022,Digital Video Recorder,,18/05/2021 8:55,18/05/2021 8:55
,2,77,CARD0001,HP 10G Card/ Lan Card,,18/05/2021 8:55,18/05/2021 8:55
,2,77,CARD0002,Cisco Card (ASR 9006 AC Chassis w/ PEM version 2,,18/05/2021 8:55,18/05/2021 8:55
,1,12,CHR00001,Chairs Black Uno,,18/05/2021 8:55,18/05/2021 8:55
,1,12,CHR00002,Lifetime Chair,,18/05/2021 8:55,18/05/2021 8:55
,1,12,CHR00003,Clerical Chair,,18/05/2021 8:55,18/05/2021 8:55
,2,13,CISC0001, Cisco SPA500S,,18/05/2021 8:55,18/05/2021 8:55
,2,13,CISC0002,Cisco SPA512G,,18/05/2021 8:55,18/05/2021 8:55
,2,13,CISC0003,Cisco SPA514G,,18/05/2021 8:55,18/05/2021 8:55
,2,13,CISC0004,Cisco SPA112,,18/05/2021 8:55,18/05/2021 8:55
,2,13,CISC0005,Cisco SG200-10FP,,18/05/2021 8:55,18/05/2021 8:55
,2,13,CISC0006,Telepresence SX20 Quick Set 4x Presicion Camera,,18/05/2021 8:55,18/05/2021 8:55
,2,13,CISC0007,Telepresence SX20 Quick Set 12x Precision Camera,,18/05/2021 8:55,18/05/2021 8:55
,2,13,CISC0008,Touchscreen Desktop Collaboration Experience (DX80 1080P),,18/05/2021 8:55,18/05/2021 8:55
,2,13,CISC0009,IP Phone 8800 Key Expansion Module,,18/05/2021 8:55,18/05/2021 8:55
,2,13,CISC0010,Unified IP Phone 6911,,18/05/2021 8:55,18/05/2021 8:55
,2,13,CISC0011,Unified IP Phone 6921,,18/05/2021 8:55,18/05/2021 8:55
,2,13,CISC0012,Telepresence Touch Control Screen 10-inch,,18/05/2021 8:55,18/05/2021 8:55
,2,13,CISC0013,Desktop Collaboration Experience (DX650),,18/05/2021 8:55,18/05/2021 8:55
,2,13,CISC0014,UCS C220 M3 SFF W/O CPU MEM HDD,,18/05/2021 8:55,18/05/2021 8:55
,2,13,CISC0015,2.60 GHZ E5-2630 V2/80W 6C/15MB,,18/05/2021 8:55,18/05/2021 8:55
,2,13,CISC0016,16GB  DDR3- 1600- MHz RDIMM/PC3,,18/05/2021 8:55,18/05/2021 8:55
,2,13,CISC0017,300 GB 6GB SAS 10K RPM SFF HDD/ hot plug,,18/05/2021 8:55,18/05/2021 8:55
,2,13,CISC0018,Intel i350 Quad Port 10GB Adapter,,18/05/2021 8:55,18/05/2021 8:55
,2,13,CISC0019,Cable Management  Arm for C220 rack server,,18/05/2021 8:55,18/05/2021 8:55
,2,13,CISC0020,650W Power supply for C- series rack server,,18/05/2021 8:55,18/05/2021 8:55
,2,13,CISC0021,LSI 2008 SAS Raid Mazzanine Card,,18/05/2021 8:55,18/05/2021 8:55
,2,13,CISC0022,Business Edition 6000 Server (M4),,18/05/2021 8:55,18/05/2021 8:55
,2,13,CISC0023,CISCO TELEPRESENCE,,18/05/2021 8:55,18/05/2021 8:55
,2,13,CISC0024,CISCO CATALYST 2960-CX 8PORT DATA LAN BASE,,18/05/2021 8:55,18/05/2021 8:55
,2,13,CISC0025,CISCO SF200-24 PORT 10/100 POI SMART SWITCH,,18/05/2021 8:55,18/05/2021 8:55
,2,13,CISC0026,CISCO 32 Button Attendant Console SPA500 Family Phones,,18/05/2021 8:55,18/05/2021 8:55
,2,13,CISC0027,Cisco NPE-2G System Card,,18/05/2021 8:55,18/05/2021 8:55
,2,13,CISC0028,Cisco Catalyst 2960L 8port Gige 2x1G SF,,18/05/2021 8:55,18/05/2021 8:55
,2,13,CISC0029,Cisco - ASR1000,,18/05/2021 8:55,18/05/2021 8:55
,2,13,CISC0030,Cisco - NEXUS 3064 - X,,18/05/2021 8:55,18/05/2021 8:55
,2,13,CISC0031,Cisco 10G Ethernet Shared Port Adapter..(SPA-1XTENCE-XFP  ASR-1004),,18/05/2021 8:55,18/05/2021 8:55
,2,13,CISC0032,Cisco 28-port GIGABIT MANAGED..Model:SG300-28,,18/05/2021 8:55,18/05/2021 8:55
,2,13,CISC0033,Cisco 10-port GIGABIT MANAGED SFP..Model:SG300-10SFP,,18/05/2021 8:55,18/05/2021 8:55
,2,13,CISC0034,Cisco 8-port Gigabit Desktop Switch..Model: SG90D-08..,,18/05/2021 8:55,18/05/2021 8:55
,2,13,CISC0035,Cisco Compact 24-port Gigabit Switch..Model: SG102-24..,,18/05/2021 8:55,18/05/2021 8:55
,2,13,CISC0036,Cisco 24-port 10/100/1000 Switch..Model: SR2024..,,18/05/2021 8:55,18/05/2021 8:55
,2,13,CISC0037,Cisco 20-port Gigabit Managed Switch..Model: SG300-20..,,18/05/2021 8:55,18/05/2021 8:55
,2,13,CISC0038,Cisco 10-port Gigabit Managed Switch..Model: SG300-10SFP..,,18/05/2021 8:55,18/05/2021 8:55
,2,13,CISC0039,Cisco 24-port Managed Switch Model: SR24G4-K9 EU,,18/05/2021 8:55,18/05/2021 8:55
,2,13,CISC0040,Cisco Wireless-N  Access Point ( WAP 321),,18/05/2021 8:55,18/05/2021 8:55
,2,13,CISC0041,Cisco Nexus 5548 Switch,,18/05/2021 8:55,18/05/2021 8:55
,2,13,CISC0042,Cisco Nexus N5K - C5020P - BF ..,,18/05/2021 8:55,18/05/2021 8:55
,2,13,CISC0043,"Cisco Nexus N5K - C5020P - BF - V3	..",,18/05/2021 8:55,18/05/2021 8:55
,2,13,CISC0044,"Cisco Nexus N5K - C5020P - BF - V4	..",,18/05/2021 8:55,18/05/2021 8:55
,2,13,CISC0045,"Cisco Nexus N5K - C5020P - BF - V5	..",,18/05/2021 8:55,18/05/2021 8:55
,2,13,CISC0046,Cisco Nexus N5K - C5548 UP..,,18/05/2021 8:55,18/05/2021 8:55
,2,13,CISC0047,Cisco Nexus N5K - C5548 UP Blower..,,18/05/2021 8:55,18/05/2021 8:55
,2,13,CISC0048,Cisco Nexus - N5K-C5548 UP Power Supply..,,18/05/2021 8:55,18/05/2021 8:55
,2,13,CISC0049,Cisco SPA - 1X10GE - V1..,,18/05/2021 8:55,18/05/2021 8:55
,2,13,CISC0050,Cisco SPA - 1X10GE - V2..,,18/05/2021 8:55,18/05/2021 8:55
,2,13,CISC0051,Cisco SPA - 1X10GE - V3..,,18/05/2021 8:55,18/05/2021 8:55
,2,13,CISC0052,Cisco SPA - 1X10GE - V4..,,18/05/2021 8:55,18/05/2021 8:55
,2,13,CISC0053,Cisco ASR 1000 - SIP Blank..,,18/05/2021 8:55,18/05/2021 8:55
,2,13,CISC0054,Cisco ASR 1000 - SIP10 - V3..,,18/05/2021 8:55,18/05/2021 8:55
,2,13,CISC0055,Cisco ASR 1000 - SIP10 - V8..,,18/05/2021 8:55,18/05/2021 8:55
,2,13,CISC0056,Cisco ASR 1000 - SIP40 - V2..,,18/05/2021 8:55,18/05/2021 8:55
,2,13,CISC0057,Cisco ASR 1000 - RP1 - V3..,,18/05/2021 8:55,18/05/2021 8:55
,2,13,CISC0058,Cisco ASR 1000 - RP1 - V6..,,18/05/2021 8:55,18/05/2021 8:55
,2,13,CISC0059,Cisco ASR 1000 - RP2 - V5..,,18/05/2021 8:55,18/05/2021 8:55
,2,13,CISC0060,Cisco ASR 1000 - ESP20 - V3..,,18/05/2021 8:55,18/05/2021 8:55
,2,13,CISC0061,Cisco ASR 1000 - ESP20 - V4..,,18/05/2021 8:55,18/05/2021 8:55
,2,13,CISC0062,Cisco ASR 1000 Power Supply..,,18/05/2021 8:55,18/05/2021 8:55
,2,13,CISC0063,Cisco ASR 1004 Router Power Supply..,,18/05/2021 8:55,18/05/2021 8:55
,2,14,CLOS0001,48 core Outdoor Closure (Capsule Type),,18/05/2021 8:55,18/05/2021 8:55
,2,14,CLOS0002,12 core Outdoor Closure (Medium),,18/05/2021 8:55,18/05/2021 8:55
,2,14,CLOS0003,24 core Outdoor Closure,,18/05/2021 8:55,18/05/2021 8:55
,2,14,CLOS0004,96 core Outdoor Closure,,18/05/2021 8:55,18/05/2021 8:55
,2,14,CLOS0005,12 port FC Wall Mount Outdoor Enclosure..,,18/05/2021 8:55,18/05/2021 8:55
,2,14,CLOS0006,48 core Inline Outdoor Closure,,18/05/2021 8:55,18/05/2021 8:55
,2,14,CLOS0007,48 core Special Outdoor Closure,,18/05/2021 8:55,18/05/2021 8:55
,2,78,CMX00001,CMX8006 Thermal Printer,,18/05/2021 8:55,18/05/2021 8:55
,2,78,CMX00002,CMX Leather Case,,18/05/2021 8:55,18/05/2021 8:55
,2,78,CMX00003,CMX Printer Battery,,18/05/2021 8:55,18/05/2021 8:55
,2,78,CMX00004,CMX Printer Charger,,18/05/2021 8:55,18/05/2021 8:55
,2,78,CMX00005,CMX Printer Cord,,18/05/2021 8:55,18/05/2021 8:55
,2,78,CMX00006,CMX9210 Label Bluetooth Thermal Printer,,18/05/2021 8:55,18/05/2021 8:55
,2,79,COMP00030,System Unit I7 Hyper X DDR4 8X2,,18/05/2021 8:55,18/05/2021 8:55
,1,15,COUP0001,SC Coupler (blue),,18/05/2021 8:55,18/05/2021 8:55
,1,15,COUP0002,SC Coupler (green),,18/05/2021 8:55,18/05/2021 8:55
,1,15,COUP0003,SC Coupler (blue DUPLEX),,18/05/2021 8:55,18/05/2021 8:55
,1,15,COUP0004,ST Coupler (red),,18/05/2021 8:55,18/05/2021 8:55
,1,15,COUP0005,ST Coupler (yellow),,18/05/2021 8:55,18/05/2021 8:55
,1,15,COUP0006,FC Coupler (green),,18/05/2021 8:55,18/05/2021 8:55
,1,15,COUP0007,FC Coupler (red),,18/05/2021 8:55,18/05/2021 8:55
,2,80,DAHUA001,Bullet Camera: IPC-HFW1230S-S2,,18/05/2021 8:55,18/05/2021 8:55
,2,80,DAHUA002,Dome Camera: IPC-HDW1230S-S2,,18/05/2021 8:55,18/05/2021 8:55
,2,80,DAHUA003,NVR 5232-4KS2,,18/05/2021 8:55,18/05/2021 8:55
,2,80,DAHUA004,POE Switch: PFS3009-8ET-96,,18/05/2021 8:55,18/05/2021 8:55
,2,80,DAHUA005,POE Switch: PFS4226-24ET-240,,18/05/2021 8:55,18/05/2021 8:55
,2,80,DAHUA006,POE Switch: HM-POE-10-N 8P,,18/05/2021 8:55,18/05/2021 8:55
,2,80,DAHUA007,POE Switch: POE-24GE2GE 24P,,18/05/2021 8:55,18/05/2021 8:55
,2,80,DAHUA008,POE Switch: POE-16GE2GE 16P,,18/05/2021 8:55,18/05/2021 8:55
,2,81,DESK0001,ACER Veriton Desktop core i3,,18/05/2021 8:55,18/05/2021 8:55
,2,81,DESK0003,ACER Veriton Desktop X2660G/ i5-8400/4GB//1TB/ODD Endless OS Desktop (CPU Only),,18/05/2021 8:55,18/05/2021 8:55
,2,81,DESK0004,ACER Veriton Desktop M4660G /i5-8400/ 4GB DDR4/1TB/ODD/EOS/3-3-3 years warranty (CPU only),,18/05/2021 8:55,18/05/2021 8:55
,2,16,DRON0001,Phantom 3 Standard,,18/05/2021 8:55,18/05/2021 8:55
,2,16,DRON0002,Mavic Pro,,18/05/2021 8:55,18/05/2021 8:55
,2,16,DRON0003,Inspire 1V2.0 CN,,18/05/2021 8:55,18/05/2021 8:55
,2,16,DRON0004,Mavic Pro More Combo,,18/05/2021 8:55,18/05/2021 8:55
,2,82,ECLAS001,E-Class Datamax Printer,,18/05/2021 8:55,18/05/2021 8:55
,2,82,ECLAS002,E-Class Printer Head,,18/05/2021 8:55,18/05/2021 8:55
,2,82,ECLAS003,E-Class Power Supply,,18/05/2021 8:55,18/05/2021 8:55
,2,82,ECLAS004,E-Class USB Printer cable,,18/05/2021 8:55,18/05/2021 8:55
,2,82,ECLAS005,E-Class Datamax Ribbon Cart,,18/05/2021 8:55,18/05/2021 8:55
,2,82,ECLAS006,E-Class W110..,,18/05/2021 8:55,18/05/2021 8:55
,1,17,EEC00011,THHN Wire #2.0mm2 14/7,,18/05/2021 8:55,18/05/2021 8:55
,1,17,ELEC0001,Flat Cord Wire #16,,18/05/2021 8:55,18/05/2021 8:55
,1,17,ELEC0002,Flat Cord Wire #14,,18/05/2021 8:55,18/05/2021 8:55
,1,17,ELEC0003,Male Plug 10A,,18/05/2021 8:55,18/05/2021 8:55
,1,17,ELEC0004,Male Plug (Rubber),,18/05/2021 8:55,18/05/2021 8:55
,1,17,ELEC0005,Outlet 3gang,,18/05/2021 8:55,18/05/2021 8:55
,1,17,ELEC0006,THHN Wire #12 Black,,18/05/2021 8:55,18/05/2021 8:55
,1,17,ELEC0007,THHN Wire #12 Green,,18/05/2021 8:55,18/05/2021 8:55
,1,17,ELEC0008,THHN Wire #12 Red,,18/05/2021 8:55,18/05/2021 8:55
,1,17,ELEC0009,THHN Wire #10 Black,,18/05/2021 8:55,18/05/2021 8:55
,1,17,ELEC0010,THHN Wire #10 Red,,18/05/2021 8:55,18/05/2021 8:55
,1,17,ELEC0011,Eyelet Terminal #8,,18/05/2021 8:55,18/05/2021 8:55
,1,17,ELEC0012,Eyelet Terminal #10,,18/05/2021 8:55,18/05/2021 8:55
,1,17,ELEC0013,Circuit Breaker TQL 30A,,18/05/2021 8:55,18/05/2021 8:55
,1,17,ELEC0014,Circuit Breaker TQL 40A,,18/05/2021 8:55,18/05/2021 8:55
,1,17,ELEC0015,Circuit Breaker OMNI w/ inclosure 30A,,18/05/2021 8:55,18/05/2021 8:55
,1,17,ELEC0016,THHN Wire #8 Red,,18/05/2021 8:55,18/05/2021 8:55
,1,17,ELEC0017,THHN Wire #8 Black,,18/05/2021 8:55,18/05/2021 8:55
,1,17,ELEC0018,Outlet 2gang,,18/05/2021 8:55,18/05/2021 8:55
,1,17,ELEC0019,Panel Board 6 Holes,,18/05/2021 8:55,18/05/2021 8:55
,1,17,ELEC0020,Greco 888,,18/05/2021 8:55,18/05/2021 8:55
,1,17,ELEC0021,Terminal Block,,18/05/2021 8:55,18/05/2021 8:55
,1,17,ELEC0022,G.I Pipe Tube 1x1/4 S-40,,18/05/2021 8:55,18/05/2021 8:55
,1,17,ELEC0023,G.I Elbow 1x1/4 (90 degree),,18/05/2021 8:55,18/05/2021 8:55
,1,17,ELEC0024,Welding Rod Special,,18/05/2021 8:55,18/05/2021 8:55
,1,17,ELEC0025,Cutting Disc,,18/05/2021 8:55,18/05/2021 8:55
,1,17,ELEC0026,Primer Black,,18/05/2021 8:55,18/05/2021 8:55
,1,17,ELEC0027,Multi Tester,,18/05/2021 8:55,18/05/2021 8:55
,1,17,ELEC0028,Male Plug Omni,,18/05/2021 8:55,18/05/2021 8:55
,1,17,ELEC0029,Omni Extention Wire w/ Individual Switch,,18/05/2021 8:55,18/05/2021 8:55
,1,17,ELEC0030,Angle Bar 2.5mm,,18/05/2021 8:55,18/05/2021 8:55
,1,17,ELEC0031,Bolt & Nut,,18/05/2021 8:55,18/05/2021 8:55
,2,19,EPON0001,Epon ONU Model: FHR1401KB Phyhome,,18/05/2021 8:55,18/05/2021 8:55
,2,19,EPON0002,Epon ONU Model: HA404WR,,18/05/2021 8:55,18/05/2021 8:55
,2,19,EPON0003,Epon Card,,18/05/2021 8:55,18/05/2021 8:55
,2,19,EPON0004,FHL1012B 4 PORTS EPON OLT,,18/05/2021 8:55,18/05/2021 8:55
,2,83,EPSN0001,Epson Printer Model: TM-U220B,,18/05/2021 8:55,18/05/2021 8:55
,2,83,EPSN0002,Epson Ribbon Cartridge Model: ERC-38B,,18/05/2021 8:55,18/05/2021 8:55
,2,83,EPSN0003,Epson Printer L3110,,18/05/2021 8:55,18/05/2021 8:55
,2,83,EPSN0004,Epson Printer LQ310,,18/05/2021 8:55,18/05/2021 8:55
,2,83,EPSN0005,Epson Printer L4160,,18/05/2021 8:55,18/05/2021 8:55
,2,83,EPSN0006,Epson Ribbon Refill,,18/05/2021 8:55,18/05/2021 8:55
,2,83,EPSN0007,Epson Pronter LX310,,18/05/2021 8:55,18/05/2021 8:55
,2,83,EPSN0008,Epson Printer L6190,,18/05/2021 8:55,18/05/2021 8:55
,1,84,ETROD001,Electrode Stick (Fujikura 60s 80s),,18/05/2021 8:55,18/05/2021 8:55
,1,84,ETROD002,Electrode Stick (GS-40) Grandway,,18/05/2021 8:55,18/05/2021 8:55
,1,84,ETROD003,Electrode Stick ( EL40),,18/05/2021 8:55,18/05/2021 8:55
,1,84,ETROD004,Electrode Stick (ELCT2),,18/05/2021 8:55,18/05/2021 8:55
,1,84,ETROD005,Electrodes Stick (Skycom),,18/05/2021 8:55,18/05/2021 8:55
,1,20,FAST0001,Fast connector green/APC,,18/05/2021 8:55,18/05/2021 8:55
,1,20,FAST0002,Fast connector blue/UPC,,18/05/2021 8:55,18/05/2021 8:55
,1,21,FIBR0001,Cleaver,,18/05/2021 8:55,18/05/2021 8:55
,1,21,FIBR0002,Plastic Mini Cleaver,,18/05/2021 8:55,18/05/2021 8:55
,1,21,FIBR0003,Slitter,,18/05/2021 8:55,18/05/2021 8:55
,1,21,FIBR0004,Mid-Span Cable Slitter,,18/05/2021 8:55,18/05/2021 8:55
,1,21,FIBR0005,Stripper (Green),,18/05/2021 8:55,18/05/2021 8:55
,1,21,FIBR0006,Stripper (Yellow),,18/05/2021 8:55,18/05/2021 8:55
,1,21,FIBR0007,Visual Fault Locator (VFL),,18/05/2021 8:55,18/05/2021 8:55
,1,21,FIBR0011,"CAT6 PVC boot, OD 6.00MM BLUE",,18/05/2021 8:55,18/05/2021 8:55
,1,21,FIBR0012,"CAT6 PVC boot, OD 6.00MM YELLOW",,18/05/2021 8:55,18/05/2021 8:55
,1,21,FIBR0013,"CAT6 PVC boot, OD 6.00MM RED",,18/05/2021 8:55,18/05/2021 8:55
,1,21,FIBR0014,"CAT6 PVC boot, OD 6.00MM GREEN",,18/05/2021 8:55,18/05/2021 8:55
,1,21,FIBR0015,"CAT6 PVC boot, OD 6.00MM ORANGE",,18/05/2021 8:55,18/05/2021 8:55
,1,21,FIBR0016,FOC Sleeves (Small),,18/05/2021 8:55,18/05/2021 8:55
,1,21,FIBR0017, FOC  Sleeves (Big),,18/05/2021 8:55,18/05/2021 8:55
,2,21,FIBR0018,Optical Laser Source w/ complete accessories (Grandway),,18/05/2021 8:55,18/05/2021 8:55
,1,21,FIBR0019,SC OPTICAL DESKTOP BOX( FIBER OPTIC WALL SOCKET),,18/05/2021 8:55,18/05/2021 8:55
,1,21,FIBR0020,"19"" FIBER CABLE END CASE",,18/05/2021 8:55,18/05/2021 8:55
,2,85,FUJI0001,Fujikura Blade,,18/05/2021 8:55,18/05/2021 8:55
,2,85,FUJI0002,Fujikura Battery Pack,,18/05/2021 8:55,18/05/2021 8:55
,2,85,FUJI0003,Fujikura Cleaver,,18/05/2021 8:55,18/05/2021 8:55
,2,48,HDD00001,Kingston 250GB SA2000M8/250 NVM PCI SSD,,18/05/2021 8:55,18/05/2021 8:55
,2,48,HDD00002,Kingston 120GB SUV400S37/ 120G NOW UV400 SATA III 2.5 TLC,,18/05/2021 8:55,18/05/2021 8:55
,2,48,HDD00003,WD 256GB PC SN520 NVME PCIE SSD,,18/05/2021 8:55,18/05/2021 8:55
,2,48,HDD00004,WD 120GB SATA 3D M.2 NAND SSD (WDS120G2G0B),,18/05/2021 8:55,18/05/2021 8:55
,2,48,HDD00005,HP SAS HDD 10K 300GB..,,18/05/2021 8:55,18/05/2021 8:55
,2,48,HDD00006,HP SAS HDD 10K 146GB,,18/05/2021 8:55,18/05/2021 8:55
,2,48,HDD00007,HP SAS HDD 10K 72GB,,18/05/2021 8:55,18/05/2021 8:55
,2,48,HDD00008,IBM SAS HDD 10K 73.4GB,,18/05/2021 8:55,18/05/2021 8:55
,2,48,HDD00009,DELL SAS HDD 10K 300GB,,18/05/2021 8:55,18/05/2021 8:55
,2,48,HDD00010,HGST SAS HDD 600GB,,18/05/2021 8:55,18/05/2021 8:55
,2,48,HDD00011,Seagate SATA HDD 7.2K 500GB,,18/05/2021 8:55,18/05/2021 8:55
,2,48,HDD00012,HP SAS HDD 800GB Solid State Drive,,18/05/2021 8:55,18/05/2021 8:55
,2,48,HDD00013,1TB Seagate Hard Disk,,18/05/2021 8:55,18/05/2021 8:55
,2,48,HDD00014,2TB Seagate Hard Disk,,18/05/2021 8:55,18/05/2021 8:55
,2,48,HDD00015,1TB Seagate Back-up plus Slim Ext.Hard Disk,,18/05/2021 8:55,18/05/2021 8:55
,2,48,HDD00016,3TB Seagate SATA Hard Disk,,18/05/2021 8:55,18/05/2021 8:55
,2,48,HDD00017,4TB Seagate SATA Hard Disk,,18/05/2021 8:55,18/05/2021 8:55
,2,48,HDD00018,2x1TB Storage Hard Disks,,18/05/2021 8:55,18/05/2021 8:55
,2,48,HDD00019,"4TB WD Caviar Purple 3.5"" SATA CCTV Drive",,18/05/2021 8:55,18/05/2021 8:55
,1,86,HDMI0001,HDMI Cable 3Meters,,18/05/2021 8:55,18/05/2021 8:55
,1,86,HDMI0002,HDMI Cable 20Meters,,18/05/2021 8:55,18/05/2021 8:55
,1,86,HDMI0003,HDMI Cable - VGA  Adaptor w/ Audio Cable,,18/05/2021 8:55,18/05/2021 8:55
,1,86,HDMI0004,HDMI Cable 25Meters,,18/05/2021 8:55,18/05/2021 8:55
,2,87,HEAD0001,Rapoo H120 USB Stereo Headseat,,18/05/2021 8:55,18/05/2021 8:55
,2,87,HEAD0002,Edifier K800 USB Headset,,18/05/2021 8:55,18/05/2021 8:55
,2,87,HEAD0003,Gaming Headset,,18/05/2021 8:55,18/05/2021 8:55
,1,88,HENV0001,"Guy Grip Dead End 3/16"" 7W",,18/05/2021 8:55,18/05/2021 8:55
,1,88,HENV0002,Suspension Clamp,,18/05/2021 8:55,18/05/2021 8:55
,1,88,HENV0003,Pole Hoop 5-7 Thickness 5mm,,18/05/2021 8:55,18/05/2021 8:55
,1,88,HENV0004,Pole Hoop 7-9 Thickness 5mm,,18/05/2021 8:55,18/05/2021 8:55
,1,88,HENV0005,Pole Hoop 8-9 Thickness 5mm,,18/05/2021 8:55,18/05/2021 8:55
,1,88,HENV0006,Pole Hoop 10-11 Thickness 5mm,,18/05/2021 8:55,18/05/2021 8:55
,1,88,HENV0007,Machine Bolt M16 204mm (8inches),,18/05/2021 8:55,18/05/2021 8:55
,2,89,HIKV0001,HIKVISION DS-2CD2121GO Dome Camera,,18/05/2021 8:55,18/05/2021 8:55
,2,89,HIKV0002,HIKVISION NVR Model:DS-7732NI-K4,,18/05/2021 8:55,18/05/2021 8:55
,2,89,HIKV0003,HIKVISION NVR Model:DS-7608NI-K2,,18/05/2021 8:55,18/05/2021 8:55
,2,89,HIKV0004,HIKVISION POE Switch 8ports Model:DS-3E0109P-E,,18/05/2021 8:55,18/05/2021 8:55
,2,89,HIKV0005,HIKVISION POE Switch 24ports Model:DS-3E0326P-E,,18/05/2021 8:55,18/05/2021 8:55
,2,89,HIKV0006,HIKVISION POE Switch Model: DS-3E0318P-E,,18/05/2021 8:55,18/05/2021 8:55
,2,90,HPE0001,HPE DL360 GEN10 BLANK KIT,,18/05/2021 8:55,18/05/2021 8:55
,2,90,HPE0002,HPE DL360 GEN10 BATTERY,,18/05/2021 8:55,18/05/2021 8:55
,1,91,HSUP0001,Bathroom Tissue ( Sanicare),,18/05/2021 8:55,18/05/2021 8:55
,1,91,HSUP0002,Barthroom Tissue (Femme),,18/05/2021 8:55,18/05/2021 8:55
,1,91,HSUP0003,Trashbag XL 30cmx37cm,,18/05/2021 8:55,18/05/2021 8:55
,1,91,HSUP0004,Trashbag XXl 37x40,,18/05/2021 8:55,18/05/2021 8:55
,1,91,HSUP0005,Handsoap Antibac,,18/05/2021 8:55,18/05/2021 8:55
,1,91,HSUP0006,Smart Diswashing Antibac,,18/05/2021 8:55,18/05/2021 8:55
,1,91,HSUP0007,Lysol Disinfectant 340g,,18/05/2021 8:55,18/05/2021 8:55
,1,91,HSUP0008,Glade,,18/05/2021 8:55,18/05/2021 8:55
,1,91,HSUP0009,Spray Bottle,,18/05/2021 8:55,18/05/2021 8:55
,1,91,HSUP0010,Hand Towel,,18/05/2021 8:55,18/05/2021 8:55
,1,92,INK00001,HP 680 Ink (Color ),,18/05/2021 8:55,18/05/2021 8:55
,1,92,INK00002,HP 680 Ink (Black),,18/05/2021 8:55,18/05/2021 8:55
,2,24,KEY0001,RAPOO NX1700 COMBO (USB KEYBOARD +MOUSE),,18/05/2021 8:55,18/05/2021 8:55
,2,24,KEY0002,ACER Keyboard,,18/05/2021 8:55,18/05/2021 8:55
,2,24,KEY0003,Mechanical Gaming Keyboard,,18/05/2021 8:55,18/05/2021 8:55
,2,24,KEY0004,Genius KB-100 USB Keyboard,,18/05/2021 8:55,18/05/2021 8:55
,2,25,LADD0001,Ladder A-Type 6x12,,18/05/2021 8:55,18/05/2021 8:55
,2,25,LADD0002,Ladder 24ft (Morse),,18/05/2021 8:55,18/05/2021 8:55
,2,25,LADD0003,Ladder 24ft (Ridgid),,18/05/2021 8:55,18/05/2021 8:55
,2,25,LADD0004,Ladder 28ft (Louise Ville),,18/05/2021 8:55,18/05/2021 8:55
,2,25,LADD0005,Ladder 28ft (Morse),,18/05/2021 8:55,18/05/2021 8:55
,2,25,LADD0006,Ladder 6ft (Louise Ville),,18/05/2021 8:55,18/05/2021 8:55
,2,25,LADD0007,Ladder 24ft Green (Louise Ville),,18/05/2021 8:55,18/05/2021 8:55
,2,25,LADD0008,Ladder 24ft Orange (Louise Ville),,18/05/2021 8:55,18/05/2021 8:55
,2,93,LAPT0001,"Acer Extensa EX215-52-52-385F/ i3-1005G1/4GB/DDR4/128GB SSD+1TB HDD/INTEL UHD Graphics/15.6"" Display/WIN 10 Homes OS Notebook",,18/05/2021 8:55,18/05/2021 8:55
,2,93,LAPT0002,Acer Extensa EX215-52-52-53F/ i5-1035GI,,18/05/2021 8:55,18/05/2021 8:55
,2,93,LAPT0003,"Acer Aspire 5 A514-54G-51AB/ i5-1135G7/4GB/1TB+256GB SSD MX 350 2GB /14"" W10H",,18/05/2021 8:55,18/05/2021 8:55
,2,93,LAPT0004,Acer Aspire NB 5 A514-54G/ i5 51-11356714 4GB 256G + 1TB W10H,,18/05/2021 8:55,18/05/2021 8:55
,2,93,LAPT0005,Acer Aspire A514-53-39QP/ i3 4GB Ram/128GB SSD 1TB HDD..OS Win 10 Home......,,18/05/2021 8:55,18/05/2021 8:55
,2,93,LAPT0006,"Acer Extensa EX215-52-56ZR/ i5-1005G1/8GB DDR4 / 256GB SSD / 1TB HDD / 15.6 ""Display /Intel UHD Graphics/Win 10 OS Notebook",,18/05/2021 8:55,18/05/2021 8:55
,2,93,LAPT0007,Asus K513EA-BQ354TS/ i5-1135G7/ 8GB DDR4/256GB SS+1TB HDD/ 15.6 Display/ OFC19HS/WIN 10 HOME OS Notebook,,18/05/2021 8:55,18/05/2021 8:55
,2,93,LAPT0008,"Acer TMP214-52G-5688 / i5-10210U / 4GB/ DDR4/ 128GB SSD + 1TB HDD/ MX230 2GB/ AX201/ 14.0"" DISPLAY/ WIN 10 HSL OS Notebook",,18/05/2021 8:55,18/05/2021 8:55
,2,93,LAPT0009,Acer Travelmate P246 Intel Core i3-5005U/ 4GB RAM/ 1TB HDD,,18/05/2021 8:55,18/05/2021 8:55
,2,93,LAPT0010,Acer Aspire 5 A514-53-37WQ/ i3-1005G1/ 4GB DDR4/ 128GB SSD + 1TB HDD/ 14'' Display / WIN 10 Home OS Notebook,,18/05/2021 8:55,18/05/2021 8:55
,2,94,LDWL0001,LED Display Controller with power cord,,18/05/2021 8:55,18/05/2021 8:55
,2,94,LDWL0002,LED Video processor with power cord,,18/05/2021 8:55,18/05/2021 8:55
,2,94,LDWL0003,LED WALL 500mm*500mm*70mm,,18/05/2021 8:55,18/05/2021 8:55
,2,94,LDWL0004,Addressable Led Strip,,18/05/2021 8:55,18/05/2021 8:55
,2,94,LDWL0005,LED WALL GN3.1 with complete accessories,,18/05/2021 8:55,18/05/2021 8:55
,2,95,LSCN0001,MS WIN 10 HOME 64 BIT,,18/05/2021 8:55,18/05/2021 8:55
,2,95,LSCN0002,MS Office Home & Student License,,18/05/2021 8:55,18/05/2021 8:55
,2,26,MCHN0001,Splicing Machine Fujikura 38s Splicer w/ complete accessories,,18/05/2021 8:55,18/05/2021 8:55
,2,26,MCHN0002,Splicing Machine Kit-A Standard/Splicer Fujikura w/ complete accessories,,18/05/2021 8:55,18/05/2021 8:55
,2,26,MCHN0003,Splicing Machine Fujikura 12s Splicer w/ complete accessories,,18/05/2021 8:55,18/05/2021 8:55
,2,26,MCHN0004,Splicing Machine Grandway Fusion Splicer  w/ complete accessories Model:GS-40,,18/05/2021 8:55,18/05/2021 8:55
,2,26,MCHN0005,Splicing Machine Skycom Fusion Splicer Model: T-308X,,18/05/2021 8:55,18/05/2021 8:55
,2,26,MCHN0006,Fiber Optic Fusion Splicer w/ complete accessories (Grandway),,18/05/2021 8:55,18/05/2021 8:55
,2,96,MEMO0001,Kingston 8GB KVR16N11/8 PC1600-12800..DDR3 Memory for Desktop,,18/05/2021 8:55,18/05/2021 8:55
,2,96,MEMO0002,Kingston 8GB DDR4-2666 KVR26N19S19S8/8 SODIMM Memory for Laptop,,18/05/2021 8:55,18/05/2021 8:55
,2,96,MEMO0003,Kingston 8GB KVR26N19S8/8 DDR4 PC4-2666 Memory for Desktop,,18/05/2021 8:55,18/05/2021 8:55
,2,27,MODE0001,EPON King Type (PN A14C),,18/05/2021 8:55,18/05/2021 8:55
,2,27,MODE0002,Calix Modem T076G,,18/05/2021 8:55,18/05/2021 8:55
,2,27,MODE0003,EPON HGU w/ WiFi,,18/05/2021 8:55,18/05/2021 8:55
,2,27,MODE0005,Ericsson Modem T072G,,18/05/2021 8:55,18/05/2021 8:55
,2,27,MODE0007,"Calix Modem (8126-Giga Hub ,2 POTS,4 GE -AM Type A Power Adapter)",,18/05/2021 8:55,18/05/2021 8:55
,2,27,MODE0008,Epon King Type (PN A11C),,18/05/2021 8:55,18/05/2021 8:55
,2,27,MODE0009,Epon King Type (PN A04C),,18/05/2021 8:55,18/05/2021 8:55
,2,27,MODE0010,Richerlink Modem (RL804GW),,18/05/2021 8:55,18/05/2021 8:55
,2,27,MODE0011,Vsol Epon Onu (Modem),,18/05/2021 8:55,18/05/2021 8:55
,2,27,MODE0012,Vsol Epon Onu (White) 2ports,,18/05/2021 8:55,18/05/2021 8:55
,2,27,MODE0014,Richerlink Modem (RL804ECW),,18/05/2021 8:55,18/05/2021 8:55
,2,27,MODE0015,Richerlink Modem (NTON-104WE),,18/05/2021 8:55,18/05/2021 8:55
,2,27,MODE0016,Richerlink Modem (RL804EW),,18/05/2021 8:55,18/05/2021 8:55
,2,27,MODE0017,Richerlink Modem (RL802GW - ITV),,18/05/2021 8:55,18/05/2021 8:55
,2,27,MODE0019,Kingtype Epon ONU w/ wifi  Model: F04C,,18/05/2021 8:55,18/05/2021 8:55
,2,27,MODE0020,Kingtype Epon WDM ONU  Model: C04C,,18/05/2021 8:55,18/05/2021 8:55
,2,29,MONI0001,"AOC 23"" 12381FH IPS LED MONITOR",,18/05/2021 8:55,18/05/2021 8:55
,2,29,MONI0002,"SAMSUNG 22"" LED MONITOR",,18/05/2021 8:55,18/05/2021 8:55
,2,29,MONI0004,"ACER 19.5"" KA202HQL ABI VGA+HDMI LED Monitor",,18/05/2021 8:55,18/05/2021 8:55
,2,29,MONI0005,"ACER 19.5"" V206HQLAAVBD VGA+DVI LED Monitor",,18/05/2021 8:55,18/05/2021 8:55
,1,30,MOULD001,Moulding 1/2 Inch,,18/05/2021 8:55,18/05/2021 8:55
,1,30,MOULD002,Moulding 1X8 FT,,18/05/2021 8:55,18/05/2021 8:55
,1,30,MOULD003,Moulding 3/4X8 FT,,18/05/2021 8:55,18/05/2021 8:55
,1,30,MOULD004,Moulding 1 inch,,18/05/2021 8:55,18/05/2021 8:55
,2,97,MOUSE001,Mouse,,18/05/2021 8:55,18/05/2021 8:55
,2,97,MOUSE002,Mousepad,,18/05/2021 8:55,18/05/2021 8:55
,2,97,MOUSE003,A4Tech G3-280N-2 Wireless Mouse,,18/05/2021 8:55,18/05/2021 8:55
,2,97,MOUSE004,Logitech M185 Wireless Mouse Black/Red,,18/05/2021 8:55,18/05/2021 8:55
,1,98,MPOL0001,Turbo Hose,,18/05/2021 8:55,18/05/2021 8:55
,2,99,NAP00001,Network Access Point (DP) SC 24 port,,18/05/2021 8:55,18/05/2021 8:55
,2,99,NAP00002,Network Access Point (DP) 16 fiber port,,18/05/2021 8:55,18/05/2021 8:55
,2,99,NAP00003,NAP Bridal Ring,,18/05/2021 8:55,18/05/2021 8:55
,2,99,NAP00004,NAP Banding Tape,,18/05/2021 8:55,18/05/2021 8:55
,2,99,NAP00005,NAP Intermediate Distribution Frame (IDF)w/ backplate,,18/05/2021 8:55,18/05/2021 8:55
,2,100,NVR000001,Network Video Recorder (Small),,18/05/2021 8:55,18/05/2021 8:55
,2,100,NVR000002,Network Video Recorder 1HD,,18/05/2021 8:55,18/05/2021 8:55
,1,101,ODF00001,6C ODF,,18/05/2021 8:55,18/05/2021 8:55
,1,101,ODF00002,12C ODF,,18/05/2021 8:55,18/05/2021 8:55
,1,101,ODF00003,24C ODF,,18/05/2021 8:55,18/05/2021 8:55
,1,101,ODF00004,48C ODF,,18/05/2021 8:55,18/05/2021 8:55
,1,101,ODF00005,96C ODF,,18/05/2021 8:55,18/05/2021 8:55
,1,101,ODF00006,144C ODF,,18/05/2021 8:55,18/05/2021 8:55
,1,101,ODF00007,24C ODF Slidable Fiber Optic Model:RS48-BM,,18/05/2021 8:55,18/05/2021 8:55
,1,101,ODF00008,48C ODF Slidable Fiber Optic Model:RS96-A,,18/05/2021 8:55,18/05/2021 8:55
,1,101,ODF00009,ODF Module,,18/05/2021 8:55,18/05/2021 8:55
,2,102,OLT00001,VSOL GEPON OLT (8Pon Ports),,18/05/2021 8:55,18/05/2021 8:55
,2,102,OLT00002,Kingtype Epon OLT (16 Pon Ports),,18/05/2021 8:55,18/05/2021 8:55
,2,102,OLT00003,Phyhome OLT (4 Pon Ports),,18/05/2021 8:55,18/05/2021 8:55
,2,102,OLT00004,Phyhome OLT (8 Pon Ports VISTA 1600D - ACE),,18/05/2021 8:55,18/05/2021 8:55
,2,102,OLT00005,Richerlink EPON OLT 8ports,,18/05/2021 8:55,18/05/2021 8:55
,2,102,OLT00006,Richerlink EPON Outdoor OLT 4ports,,18/05/2021 8:55,18/05/2021 8:55
,2,102,OLT00007,Guangda EPON Outdoor OLT 8ports,,18/05/2021 8:55,18/05/2021 8:55
,2,102,OLT00008,Guangda EPON Indoor OLT 8PON  1G Model: EP3408G,,18/05/2021 8:55,18/05/2021 8:55
,2,102,OLT00009,Guangda EPON Indoor OLT 8PON 10G Model: EP3408T,,18/05/2021 8:55,18/05/2021 8:55
,2,102,OLT00010,Guangda EPON Wall-mounted OLT Model: AE4108,,18/05/2021 8:55,18/05/2021 8:55
,2,102,OLT00011,Guangda EPON Indoor OLT 4PON 1G Model: EP3304,,18/05/2021 8:55,18/05/2021 8:55
,2,102,OLT00012,Guangda EPON Indoor OLT 16PON 10G Model: EP3416T,,18/05/2021 8:55,18/05/2021 8:55
,2,103,OPM00001,Optical Power Meter,,18/05/2021 8:55,18/05/2021 8:55
,2,103,OPM00002,PON Optical Power Meter,,18/05/2021 8:55,18/05/2021 8:55
,2,104,OPNVOX01,Openvox FXS Splitter,,18/05/2021 8:55,18/05/2021 8:55
,2,104,OPNVOX02,Openvox Power Adaptor,,18/05/2021 8:55,18/05/2021 8:55
,2,104,OPNVOX03,Openvox 4 port FXO Gateway (IAG804),,18/05/2021 8:55,18/05/2021 8:55
,2,104,OPNVOX04,Openvox 16 port FXS Gateway,,18/05/2021 8:55,18/05/2021 8:55
,2,104,OPNVOX05,Openvox GSM Card,,18/05/2021 8:55,18/05/2021 8:55
,2,104,OPNVOX06,Openvox Analog Card,,18/05/2021 8:55,18/05/2021 8:55
,2,104,OPNVOX07,Openvox 4 Channel GSM Gateway (GW1202-4G),,18/05/2021 8:55,18/05/2021 8:55
,2,104,OPNVOX08,Openvox AX10 Cards,,18/05/2021 8:55,18/05/2021 8:55
,2,104,OPNVOX09,Openvox IP Phone Model: C401,,18/05/2021 8:55,18/05/2021 8:55
,2,104,OPNVOX10,Openvox IP Phone Model: C200,,18/05/2021 8:55,18/05/2021 8:55
,2,104,OPNVOX11,Openvox 4 port FXO Gateway (IAG800 V2-40),,18/05/2021 8:55,18/05/2021 8:55
,2,104,OPNVOX12,Openvox SWG-2008,,18/05/2021 8:55,18/05/2021 8:55
,2,31,OTDR0001,1 SET FUJIKURA 80S,,18/05/2021 8:55,18/05/2021 8:55
,2,31,OTDR0002,1 SET EXPO OTDR,,18/05/2021 8:55,18/05/2021 8:55
,2,31,OTDR0003,1 SET MINI GRANDWAY OTDR,,18/05/2021 8:55,18/05/2021 8:55
,2,31,OTDR0004,1 SET GRANDWAY OTDR,,18/05/2021 8:55,18/05/2021 8:55
,2,31,OTDR0005,OTDR Black Box for FHO5000 Series),,18/05/2021 8:55,18/05/2021 8:55
,2,31,OTDR0006,OTDR Launch Cable Box,,18/05/2021 8:55,18/05/2021 8:55
,2,31,OTDR0007,1 SET SKYCOM OTDR,,18/05/2021 8:55,18/05/2021 8:55
,1,33,PAPE0001,White Thermal Paper 3 inch (300 rolls/box),,18/05/2021 8:55,18/05/2021 8:55
,1,33,PAPE0009,White Thermal Paper 4 inch (120 rolls/box),,18/05/2021 8:55,18/05/2021 8:55
,1,33,PAPE0010,Journal Receipt Paper 76x70 1ply (50 rolls/box),,18/05/2021 8:55,18/05/2021 8:55
,2,,PART0018,Quad Docking Station for Neo,,18/05/2021 8:55,18/05/2021 8:55
,1,35,PATC0001,SC/SC-UPC SX 3m,,18/05/2021 8:55,18/05/2021 8:55
,1,35,PATC0002,SC/SC-UPC DX 3m,,18/05/2021 8:55,18/05/2021 8:55
,1,35,PATC0003,SC/SC-UPC SX 5m,,18/05/2021 8:55,18/05/2021 8:55
,1,35,PATC0004,SC/ST-UPC SX 1.5m,,18/05/2021 8:55,18/05/2021 8:55
,1,35,PATC0005,ST/PC-LC/PC SX 3m..,,18/05/2021 8:55,18/05/2021 8:55
,1,35,PATC0006,LC/FC-UPC DX 3m,,18/05/2021 8:55,18/05/2021 8:55
,1,35,PATC0007,FC/FC-APC SX 3m,,18/05/2021 8:55,18/05/2021 8:55
,1,35,PATC0008,ST/FC-UPC DX 3m,,18/05/2021 8:55,18/05/2021 8:55
,1,35,PATC0010,ST/ST-UPC SX 3m,,18/05/2021 8:55,18/05/2021 8:55
,1,35,PATC0011,SC/LC-UPC DX 3m..,,18/05/2021 8:55,18/05/2021 8:55
,1,35,PATC0012,FC/FC-UPC 3mm 3m (blue),,18/05/2021 8:55,18/05/2021 8:55
,1,35,PATC0013,FC/FC-UPC 3mm 10m (blue),,18/05/2021 8:55,18/05/2021 8:55
,1,35,PATC0014,FC/LC-UPC 3mm 10m (blue),,18/05/2021 8:55,18/05/2021 8:55
,1,35,PATC0015,LC/LC-UPC 3mm 3m (blue),,18/05/2021 8:55,18/05/2021 8:55
,1,35,PATC0016,LC/LC-UPC 3mm 10m (blue),,18/05/2021 8:55,18/05/2021 8:55
,1,35,PATC0017,LC/SC-UPC 3mm 3m (blue),,18/05/2021 8:55,18/05/2021 8:55
,1,35,PATC0018,SC/FC-UPC 3mm 3m (Black&white),,18/05/2021 8:55,18/05/2021 8:55
,1,35,PATC0019,SC/FC-UPC 3mm 10m (Black&white),,18/05/2021 8:55,18/05/2021 8:55
,1,35,PATC0020,LC/SC-UPC SX 10m (yellow),,18/05/2021 8:55,18/05/2021 8:55
,1,35,PATC0021,SC/SC-APC SX 1m (green)........,,18/05/2021 8:55,18/05/2021 8:55
,1,35,PATC0022,SC/SC-UPC 3.0 SX 10m (Blue),,18/05/2021 8:55,18/05/2021 8:55
,1,35,PATC0023,ST/ST-UPC 3.0D SX 10m (black),,18/05/2021 8:55,18/05/2021 8:55
,1,35,PATC0024,ST/FC-UPC 3.0D SM 10m (black),,18/05/2021 8:55,18/05/2021 8:55
,1,35,PATC0025,SC/ST-UPC 3.0D SM 10m (Black &Blue),,18/05/2021 8:55,18/05/2021 8:55
,1,35,PATC0026,SC/ST-UPC 3.0D SM 3m (black &blue),,18/05/2021 8:55,18/05/2021 8:55
,1,35,PATC0027,ST/LC-UPC 3.0D SM 3m ( Black &white),,18/05/2021 8:55,18/05/2021 8:55
,1,35,PATC0028,ST/LC-UPC 3.0D SM 10m (Black &white),,18/05/2021 8:55,18/05/2021 8:55
,1,35,PATC0029,ST/SC-APC SX 1m,,18/05/2021 8:55,18/05/2021 8:55
,1,35,PATC0030,SC/SC-UPC DX 3m,,18/05/2021 8:55,18/05/2021 8:55
,1,35,PATC0031,LC/LC-UPC DX OM3 1.5m (teal),,18/05/2021 8:55,18/05/2021 8:55
,1,35,PATC0032,LC/LC-UPC DX OM3 1m,,18/05/2021 8:55,18/05/2021 8:55
,1,35,PATC0033,LC/LC-UPC DX OM3 3m,,18/05/2021 8:55,18/05/2021 8:55
,1,35,PATC0034,LC/LC-UPC DX OM3 5m,,18/05/2021 8:55,18/05/2021 8:55
,1,35,PATC0035,ST/SC-UPC SX 3m,,18/05/2021 8:55,18/05/2021 8:55
,1,35,PATC0036,SC/SC-UPC SX 1m,,18/05/2021 8:55,18/05/2021 8:55
,1,35,PATC0037,ST/ST-UPC DX 3m,,18/05/2021 8:55,18/05/2021 8:55
,1,35,PATC0038,ST/UPC-SC/APC SX 1m,,18/05/2021 8:55,18/05/2021 8:55
,1,35,PATC0039,FC/SC-UPC SX 1m,,18/05/2021 8:55,18/05/2021 8:55
,1,35,PATC0040,LC/LC-UPC SX 2m,,18/05/2021 8:55,18/05/2021 8:55
,1,35,PATC0041,LC/LC-UPC DX 3m,,18/05/2021 8:55,18/05/2021 8:55
,1,35,PATC0042,LC/LC-UPC DX 10m,,18/05/2021 8:55,18/05/2021 8:55
,1,35,PATC0043,SC/LC-UPC SX 1m,,18/05/2021 8:55,18/05/2021 8:55
,1,35,PATC0044,SC/FC-UPC SX 1.5m,,18/05/2021 8:55,18/05/2021 8:55
,1,35,PATC0045,ST/SC-UPC DX 5m,,18/05/2021 8:55,18/05/2021 8:55
,1,35,PATC0046,ST/LC-UPC DX 5m,,18/05/2021 8:55,18/05/2021 8:55
,1,35,PATC0047,SC/LC-UPC DX 5m,,18/05/2021 8:55,18/05/2021 8:55
,1,35,PATC0048,FC/SC-UPC DX 3m,,18/05/2021 8:55,18/05/2021 8:55
,1,35,PATC0049,FC/LC-UPC DX 3m,,18/05/2021 8:55,18/05/2021 8:55
,1,35,PATC0050,Patch Panel,,18/05/2021 8:55,18/05/2021 8:55
,1,35,PATC0051,ST/LC-UPC DX 3m,,18/05/2021 8:55,18/05/2021 8:55
,1,35,PATC0052,FC/LC-UPC DX 3m,,18/05/2021 8:55,18/05/2021 8:55
,1,35,PATC0053,SC/LC-UPC SX 5m,,18/05/2021 8:55,18/05/2021 8:55
,1,35,PATC0054,ST/SC-UPC DX 15m,,18/05/2021 8:55,18/05/2021 8:55
,1,35,PATC0055,ST/LC-UPC DX 15m,,18/05/2021 8:55,18/05/2021 8:55
,1,35,PATC0056,SC/LC-UPC DX 15m,,18/05/2021 8:55,18/05/2021 8:55
,1,35,PATC0057,FC/SC-UPC DX 15m,,18/05/2021 8:55,18/05/2021 8:55
,1,35,PATC0058,FC/LC-UPC DX 15m,,18/05/2021 8:55,18/05/2021 8:55
,1,35,PATC0059,FC/LC-UPC SX 5m,,18/05/2021 8:55,18/05/2021 8:55
,1,35,PATC0060,FC/LC-UPC SX 25m,,18/05/2021 8:55,18/05/2021 8:55
,1,35,PATC0061,ST/LC-PC 2m,,18/05/2021 8:55,18/05/2021 8:55
,1,35,PATC0062,SC/SC UPC 2.0mm SX 3m,,18/05/2021 8:55,18/05/2021 8:55
,2,36,PHON0001,Samsung G7,,18/05/2021 8:55,18/05/2021 8:55
,2,36,PHON0002,Analog Phone,,18/05/2021 8:55,18/05/2021 8:55
,2,36,PHON0003,Ipad Mini 4 Wifi+Cellular,,18/05/2021 8:55,18/05/2021 8:55
,1,37,PIGT00001,SC/UPC 1m,,18/05/2021 8:55,18/05/2021 8:55
,1,37,PIGT00002,SC/PC 1.5m,,18/05/2021 8:55,18/05/2021 8:55
,1,37,PIGT00003,SC/APC 1m,,18/05/2021 8:55,18/05/2021 8:55
,1,37,PIGT00004,ST/UPC 1.5m,,18/05/2021 8:55,18/05/2021 8:55
,1,37,PIGT00005,ST/UPC SM SX 1M,,18/05/2021 8:55,18/05/2021 8:55
,1,37,PIGT00006,ST/PC Pigtail 1.5 m,,18/05/2021 8:55,18/05/2021 8:55
,1,37,PIGT00007,SC/UPC 2m,,18/05/2021 8:55,18/05/2021 8:55
,1,37,PIGT00009,FC/UPC SM 1m,,18/05/2021 8:55,18/05/2021 8:55
,1,37,PIGT00010,FC/UPC SM 1.5m,,18/05/2021 8:55,18/05/2021 8:55
,1,37,PIGT00011,SC/UPC 12colors 1m,,18/05/2021 8:55,18/05/2021 8:55
,1,38,PRIN0008, Thermal Transfer Ribbon,,18/05/2021 8:55,18/05/2021 8:55
,1,38,PRIN0009,Fargo Card Printer (FAR-PR-5100),,18/05/2021 8:55,18/05/2021 8:55
,1,38,PRIN0010,Fargo Ribbon Cart Resin (BLACK),,18/05/2021 8:55,18/05/2021 8:55
,1,38,PRIN0011,Fargo Ribbon Cart Resin (COLORED),,18/05/2021 8:55,18/05/2021 8:55
,1,38,PRIN0012,Ultra Cards for ID,,18/05/2021 8:55,18/05/2021 8:55
,1,38,PRIN0014,Imprintor Set,,18/05/2021 8:55,18/05/2021 8:55
,1,38,PRIN0015,SEAORY Card Printer Ribbon Pack,,18/05/2021 8:55,18/05/2021 8:55
,2,39,PSION0001, Psion Main battery,,18/05/2021 8:55,18/05/2021 8:55
,1,39,PSION0002,Psion IP54 Leather case,,18/05/2021 8:55,18/05/2021 8:55
,2,39,PSION0003,Psion Individual Charger,,18/05/2021 8:55,18/05/2021 8:55
,2,39,PSION0004,Psion SSD 1 MB Ram,,18/05/2021 8:55,18/05/2021 8:55
,2,39,PSION0005,Psion SSD 2 MB Ram,,18/05/2021 8:55,18/05/2021 8:55
,2,39,PSION0006,Psion Flash Memory 1MB,,18/05/2021 8:55,18/05/2021 8:55
,2,39,PSION0007,Psion Flash Memory 2MB,,18/05/2021 8:55,18/05/2021 8:55
,2,39,PSION0008,Psion Back up battery CR1620,,18/05/2021 8:55,18/05/2021 8:55
,2,39,PSION0009,Psion MX WAB,,18/05/2021 8:55,18/05/2021 8:55
,2,39,PSION0010,Psion Neo,,18/05/2021 8:55,18/05/2021 8:55
,2,39,PSION0011,Psion Neo Battery,,18/05/2021 8:55,18/05/2021 8:55
,1,39,PSION0013,Data Cable,,18/05/2021 8:55,18/05/2021 8:55
,1,40,PVC00001,PVC Pipe Gauge 1000 #2,,18/05/2021 8:55,18/05/2021 8:55
,1,40,PVC00002,PVC Pipe Gauge 1000 #4,,18/05/2021 8:55,18/05/2021 8:55
,1,40,PVC00003,PVC Pipe Long Elbow #1,,18/05/2021 8:55,18/05/2021 8:55
,1,40,PVC00004,PVC Pipe Long Elbow #2,,18/05/2021 8:55,18/05/2021 8:55
,1,40,PVC00005,PVC Pipe Long Elbow #4,,18/05/2021 8:55,18/05/2021 8:55
,1,40,PVC00006,PVC Pipe Gauge 1000 #1,,18/05/2021 8:55,18/05/2021 8:55
,1,40,PVC00007,PVC Coupling,,18/05/2021 8:55,18/05/2021 8:55
,2,105,QUE00001,Ticket Kiosk (HDMI port),,18/05/2021 8:55,18/05/2021 8:55
,2,105,QUE00002,Wireless Calling Pad,,18/05/2021 8:55,18/05/2021 8:55
,2,105,QUE00003,Wireless Speaker Transmitters,,18/05/2021 8:55,18/05/2021 8:55
,2,105,QUE00004,Wireless Wall-Mounted Speaker,,18/05/2021 8:55,18/05/2021 8:55
,2,41,RICH0001,ONT with wifi (Richerlink),,18/05/2021 8:55,18/05/2021 8:55
,2,41,RICH0002,EPON SFP (Richerlink),,18/05/2021 8:55,18/05/2021 8:55
,2,42,ROUT0001,Cisco Small Business RV180 Router,,18/05/2021 8:55,18/05/2021 8:55
,2,42,ROUT0002,Cisco 7206 VXR Router,,18/05/2021 8:55,18/05/2021 8:55
,2,42,ROUT0003,TP Link Router  ACI750,,18/05/2021 8:55,18/05/2021 8:55
,2,42,ROUT0004,TP Link Router AC750,,18/05/2021 8:55,18/05/2021 8:55
,2,42,ROUT0005,TP Link  AC1750 Archer C7Dual Band Wireless,,18/05/2021 8:55,18/05/2021 8:55
,2,42,ROUT0006,TP Link Router W8961ND,,18/05/2021 8:55,18/05/2021 8:55
,2,42,ROUT0007,TP Link Wifi Extender,,18/05/2021 8:55,18/05/2021 8:55
,2,42,ROUT0008,TP Link Wireless Router WR841N,,18/05/2021 8:55,18/05/2021 8:55
,2,42,ROUT0009,TP Link Wireless Router WR940N,,18/05/2021 8:55,18/05/2021 8:55
,2,42,ROUT0010,Linksys Wireless N Router E1200,,18/05/2021 8:55,18/05/2021 8:55
,2,42,ROUT0011,ASUS RT-N12+ Wireless-N300,,18/05/2021 8:55,18/05/2021 8:55
,2,42,ROUT0012,Mikrotik Routerboard Map,,18/05/2021 8:55,18/05/2021 8:55
,2,42,ROUT0013,Linksys EA2750 N600 GIGABIT,,18/05/2021 8:55,18/05/2021 8:55
,2,42,ROUT0014,TP Link Archer C2 AC900 Wireless Dual Band Gigabit Router,,18/05/2021 8:55,18/05/2021 8:55
,2,42,ROUT0015,Cisco ASR 1004 Router,,18/05/2021 8:55,18/05/2021 8:55
,2,42,ROUT0016,UNIFI Router with Gigabit Ethernet,,18/05/2021 8:55,18/05/2021 8:55
,2,42,ROUT0017,Cisco ASR 9000 (24-port 10GE) Router,,18/05/2021 8:55,18/05/2021 8:55
,2,43,SCAN0001,Motorola Barcode Scanner LS2208,,18/05/2021 8:55,18/05/2021 8:55
,2,43,SCAN0002,SYMBOLS LS2208 SCANNER,,18/05/2021 8:55,18/05/2021 8:55
,2,43,SCAN0003,Honeywell Barcode Scanner (1250G-2),,18/05/2021 8:55,18/05/2021 8:55
,2,44,SFP00013,GPON FOR CALIX (Gpon-OLT-B+),,18/05/2021 8:55,18/05/2021 8:55
,2,44,SFP00014,GPON FOR KINGTYPE,,18/05/2021 8:55,18/05/2021 8:55
,2,44,SFP00015,SFP-BX-D-S10 (YELLOW),,18/05/2021 8:55,18/05/2021 8:55
,2,44,SFP00016,SFP-BX-U-S10 (BLUE),,18/05/2021 8:55,18/05/2021 8:55
,2,44,SFP00018,SFP-BX-D-S20 (YELLOW),,18/05/2021 8:55,18/05/2021 8:55
,2,44,SFP00019,SFP-BX-U-S20 (BLUE),,18/05/2021 8:55,18/05/2021 8:55
,2,44,SFP00020,SFP-BX-D-S40 (YELLOW),,18/05/2021 8:55,18/05/2021 8:55
,2,44,SFP00021,SFP-BX-U-S40 (BLUE),,18/05/2021 8:55,18/05/2021 8:55
,2,44,SFP00022,SFP-BX-U-S80 (VIOLET),,18/05/2021 8:55,18/05/2021 8:55
,2,44,SFP00023,SFP-BX-D-S80 (YELLOW),,18/05/2021 8:55,18/05/2021 8:55
,2,44,SFP00024,SFP-BX-U-L120( VIOLET),,18/05/2021 8:55,18/05/2021 8:55
,2,44,SFP00025,SFP-BX-D-L120 (YELLOW),,18/05/2021 8:55,18/05/2021 8:55
,2,44,SFP00026,EPON -OLT-PX20 (BLUE),,18/05/2021 8:55,18/05/2021 8:55
,2,44,SFP00027,SFP-10G-LR 20km,,18/05/2021 8:55,18/05/2021 8:55
,2,44,SFP00028,SFP-10G-ER 40km,,18/05/2021 8:55,18/05/2021 8:55
,2,44,SFP00029,SFP-10G-SR Multimode,,18/05/2021 8:55,18/05/2021 8:55
,2,44,SFP00030,SFP-10G-ZR Dual 80km,,18/05/2021 8:55,18/05/2021 8:55
,2,44,SFP00031,SFP-10G-ZR Dual 100km,,18/05/2021 8:55,18/05/2021 8:55
,2,44,SFP00032,SFP-10GB-U-L80,,18/05/2021 8:55,18/05/2021 8:55
,2,44,SFP00033,SFP-10GB-D-L80,,18/05/2021 8:55,18/05/2021 8:55
,2,44,SFP00035,SFP-XFP-10G-SR,,18/05/2021 8:55,18/05/2021 8:55
,2,44,SFP00036,SFP-XFP-10G-DW-ER22,,18/05/2021 8:55,18/05/2021 8:55
,2,44,SFP00037,SFP FHM L1214 - S3320C (BLUE),,18/05/2021 8:55,18/05/2021 8:55
,2,44,SFP00038,6COM (6C-SFP-M),,18/05/2021 8:55,18/05/2021 8:55
,2,44,SFP00039,SFP-BX-D-S3,,18/05/2021 8:55,18/05/2021 8:55
,2,44,SFP00040,SFP-BX-U-S3,,18/05/2021 8:55,18/05/2021 8:55
,2,44,SFP00041,GLC-LH-SMD,,18/05/2021 8:55,18/05/2021 8:55
,2,44,SFP00042,SFP-10G-T,,18/05/2021 8:55,18/05/2021 8:55
,2,44,SFP00043,SFP-XFP-10G-LR 20km,,18/05/2021 8:55,18/05/2021 8:55
,2,44,SFP00044,SFP-QSFP-40G-LR4..,,18/05/2021 8:55,18/05/2021 8:55
,2,44,SFP00045,SFP Programmer Set,,18/05/2021 8:55,18/05/2021 8:55
,2,44,SFP00046,XFP-10G-MM-SR (Cisco),,18/05/2021 8:55,18/05/2021 8:55
,2,44,SFP00047,XFP-10G-OC-LR (Cisco),,18/05/2021 8:55,18/05/2021 8:55
,2,44,SFP00048,SFP-10G-SR (Cisco),,18/05/2021 8:55,18/05/2021 8:55
,2,44,SFP00049,SFP-10G-LR (Cisco),,18/05/2021 8:55,18/05/2021 8:55
,2,44,SFP00050,Hisense (EPON-OLT-PX20),,18/05/2021 8:55,18/05/2021 8:55
,2,44,SFP00051,SFP-T-RJ45-100M,,18/05/2021 8:55,18/05/2021 8:55
,2,44,SFP00052,SFP-10G-ZR (Cisco),,18/05/2021 8:55,18/05/2021 8:55
,2,44,SFP00053,XFP-10G-ER,,18/05/2021 8:55,18/05/2021 8:55
,2,45,SMTV0001,SAMSUNG  LED TV,,18/05/2021 8:55,18/05/2021 8:55
,2,45,SMTV0002,LG SMART TV 49 inch,,18/05/2021 8:55,18/05/2021 8:55
,2,45,SMTV0003,SMART TV55' 4k UHD w/ Remote  Control & Mounting,,18/05/2021 8:55,18/05/2021 8:55
,2,106,SOND0001,YAMAHA STAGEPAS 60001,,18/05/2021 8:55,18/05/2021 8:55
,2,106,SOND0002,BARDI MICROPHONES,,18/05/2021 8:55,18/05/2021 8:55
,1,46,SPTR0001,1:16SC/APC microsealing splitter,,18/05/2021 8:55,18/05/2021 8:55
,1,46,SPTR0002,1:8 microsealing splitter,,18/05/2021 8:55,18/05/2021 8:55
,1,46,SPTR0003,1: 16 SC/APC Spliiter PLC,,18/05/2021 8:55,18/05/2021 8:55
,1,46,SPTR0004,1:8 SC/APC splitter PLC (Green),,18/05/2021 8:55,18/05/2021 8:55
,1,46,SPTR0005,1:8 SPLITTER  PLC ( BLUE),,18/05/2021 8:55,18/05/2021 8:55
,1,46,SPTR0006,Blank Insertion type PLC splitter housing,,18/05/2021 8:55,18/05/2021 8:55
,1,46,SPTR0007,Blank Insertion type PLC Splitter housing,,18/05/2021 8:55,18/05/2021 8:55
,2,47,SSD00001,Kingston Micro SD Card 8GB,,18/05/2021 8:55,18/05/2021 8:55
,2,47,SSD00002,Kingston Micro SD Card 16GB,,18/05/2021 8:55,18/05/2021 8:55
,2,47,SSD00003,256k Flash SSD....,,18/05/2021 8:55,18/05/2021 8:55
,2,47,SSD00004,512K Flash SSD,,18/05/2021 8:55,18/05/2021 8:55
,2,47,SSD00005,128K Flash SSD,,18/05/2021 8:55,18/05/2021 8:55
,2,47,SSD00006,1MB Flash SSD,,18/05/2021 8:55,18/05/2021 8:55
,2,47,SSD00007,4MB Flash SSD,,18/05/2021 8:55,18/05/2021 8:55
,2,47,SSD00008,128k RAM SSD,,18/05/2021 8:55,18/05/2021 8:55
,2,47,SSD00009,512K RAM SSD,,18/05/2021 8:55,18/05/2021 8:55
,2,47,SSD00010,480GB SSD Intel,,18/05/2021 8:55,18/05/2021 8:55
,2,47,SSD00011,480GB SSD Kingston,,18/05/2021 8:55,18/05/2021 8:55
,2,47,SSD00012,"480GB SSD Samsung 2.5""",,18/05/2021 8:55,18/05/2021 8:55
,2,47,SSD00013,Barracuda SSD 250GB,,18/05/2021 8:55,18/05/2021 8:55
,2,47,SSD00014,8GB RAM Kingston DDR4,,18/05/2021 8:55,18/05/2021 8:55
,2,47,SSD00015,SATA SSD Solid State Drive 1TB,,18/05/2021 8:55,18/05/2021 8:55
,2,47,SSD00016,Intel SSD DC S3500 Series 480GB,,18/05/2021 8:55,18/05/2021 8:55
,2,47,SSD00017,Intel SSD 320 series 300 GB Server hardisk..,,18/05/2021 8:55,18/05/2021 8:55
,1,107,SUP00001,Bond Paper (Short),,18/05/2021 8:55,18/05/2021 8:55
,1,107,SUP00002,Bond Paper (Long),,18/05/2021 8:55,18/05/2021 8:55
,1,107,SUP00003,Bond Paper (A4),,18/05/2021 8:55,18/05/2021 8:55
,1,107,SUP00004,Newsprint,,18/05/2021 8:55,18/05/2021 8:55
,1,107,SUP00005,Mailing Envelope (white),,18/05/2021 8:55,18/05/2021 8:55
,1,107,SUP00006,Envelope (Short),,18/05/2021 8:55,18/05/2021 8:55
,1,107,SUP00007,Envelope (Long),,18/05/2021 8:55,18/05/2021 8:55
,1,107,SUP00008,Folder (Short),,18/05/2021 8:55,18/05/2021 8:55
,1,107,SUP00009,Folder (Long),,18/05/2021 8:55,18/05/2021 8:55
,1,107,SUP00010,Notebook 80leaves,,18/05/2021 8:55,18/05/2021 8:55
,1,107,SUP00011,Logbook 500pages,,18/05/2021 8:55,18/05/2021 8:55
,1,107,SUP00012,File Document Organizer,,18/05/2021 8:55,18/05/2021 8:55
,1,107,SUP00013,Stapler,,18/05/2021 8:55,18/05/2021 8:55
,1,107,SUP00014,Stapler Wire #10,,18/05/2021 8:55,18/05/2021 8:55
,1,107,SUP00015,Staple Wire #35,,18/05/2021 8:55,18/05/2021 8:55
,1,107,SUP00016,Stapler Wire Remover,,18/05/2021 8:55,18/05/2021 8:55
,1,107,SUP00017,Elmers Glue Stick,,18/05/2021 8:55,18/05/2021 8:55
,1,107,SUP00018,Elmers Glue,,18/05/2021 8:55,18/05/2021 8:55
,1,107,SUP00019,Casio Calculator,,18/05/2021 8:55,18/05/2021 8:55
,1,107,SUP00020,Paper Clip (small),,18/05/2021 8:55,18/05/2021 8:55
,1,107,SUP00021,Paper Clip (big),,18/05/2021 8:55,18/05/2021 8:55
,1,107,SUP00022,Binder Clip (small),,18/05/2021 8:55,18/05/2021 8:55
,1,107,SUP00023,Binder Clip (big),,18/05/2021 8:55,18/05/2021 8:55
,1,107,SUP00024,Masking Tape (1inch),,18/05/2021 8:55,18/05/2021 8:55
,1,107,SUP00025,MAsking Tape (2inch),,18/05/2021 8:55,18/05/2021 8:55
,1,107,SUP00026,Scotch Tape (1inch),,18/05/2021 8:55,18/05/2021 8:55
,1,107,SUP00027,Scotch Tape (2inch),,18/05/2021 8:55,18/05/2021 8:55
,1,107,SUP00028,Packaging Tape (brown),,18/05/2021 8:55,18/05/2021 8:55
,1,107,SUP00029,Duct Tape,,18/05/2021 8:55,18/05/2021 8:55
,1,107,SUP00030,3M Electrical tape,,18/05/2021 8:55,18/05/2021 8:55
,1,107,SUP00031,Correction Tape,,18/05/2021 8:55,18/05/2021 8:55
,1,107,SUP00032,Push Pin,,18/05/2021 8:55,18/05/2021 8:55
,1,107,SUP00033,Fastener,,18/05/2021 8:55,18/05/2021 8:55
,1,107,SUP00034,Scissors,,18/05/2021 8:55,18/05/2021 8:55
,1,107,SUP00035,Cutter,,18/05/2021 8:55,18/05/2021 8:55
,1,107,SUP00036,Blade Cutter,,18/05/2021 8:55,18/05/2021 8:55
,1,107,SUP00037,Ordinary Ballpen (black),,18/05/2021 8:55,18/05/2021 8:55
,1,107,SUP00038,Permanent Pen Black (Broad),,18/05/2021 8:55,18/05/2021 8:55
,1,107,SUP00039,Pencil Mongol 2,,18/05/2021 8:55,18/05/2021 8:55
,1,107,SUP00040,Highlighter Pen,,18/05/2021 8:55,18/05/2021 8:55
,1,107,SUP00041,My Gel Ballpen .5 (black refill),,18/05/2021 8:55,18/05/2021 8:55
,1,107,SUP00042,My Gel Ballpen .5 (blue refill),,18/05/2021 8:55,18/05/2021 8:55
,1,107,SUP00043,Pilot G-2 .5 Refill,,18/05/2021 8:55,18/05/2021 8:55
,1,107,SUP00044,Double Sided Tape,,18/05/2021 8:55,18/05/2021 8:55
,1,107,SUP00045,Tape Dispenser,,18/05/2021 8:55,18/05/2021 8:55
,1,107,SUP00046,Medical Infrared Thermometer,,18/05/2021 8:55,18/05/2021 8:55
,1,107,SUP00048,Sticky Notes,,18/05/2021 8:55,18/05/2021 8:55
,1,107,SUP00049,My Gel Ballpen .5 (Black),,18/05/2021 8:55,18/05/2021 8:55
,1,107,SUP00050,Alcohol (Galoon),,18/05/2021 8:55,18/05/2021 8:55
,1,107,SUP00051,Paper Guillotine,,18/05/2021 8:55,18/05/2021 8:55
,1,107,SUP00052,My Gel Ballpen .5 (red refill),,18/05/2021 8:55,18/05/2021 8:55
,1,107,SUP00053,Pilot Ink,,18/05/2021 8:55,18/05/2021 8:55
,1,107,SUP00054,Whiteboard Pen Marker,,18/05/2021 8:55,18/05/2021 8:55
,1,107,SUP00055,Ordinary Ballpen (blue),,18/05/2021 8:55,18/05/2021 8:55
,1,107,SUP00056,Ordinary Ballpen (red),,18/05/2021 8:55,18/05/2021 8:55
,1,107,SUP00057,Flag Tape,,18/05/2021 8:55,18/05/2021 8:55
,1,107,SUP00058,Battery AA,,18/05/2021 8:55,18/05/2021 8:55
,2,49,SVER0001,HP Proliant DL380 G5,,18/05/2021 8:55,18/05/2021 8:55
,2,49,SVER0002,HP Server DL380 G6,,18/05/2021 8:55,18/05/2021 8:55
,2,49,SVER0003,HP Server DL380 G7,,18/05/2021 8:55,18/05/2021 8:55
,2,49,SVER0004,HP Server DL380 G8,,18/05/2021 8:55,18/05/2021 8:55
,2,49,SVER0005,HP R/T3000 G5 HV INTL UPS,,18/05/2021 8:55,18/05/2021 8:55
,2,49,SVER0006,HPE DL360 Gen10 Intel Xeon-Gold 6136,,18/05/2021 8:55,18/05/2021 8:55
,2,49,SVER0007,HPE DL360 Gen10 Intel Xeon-Gold 5115,,18/05/2021 8:55,18/05/2021 8:55
,2,49,SVER0008,FACEBOOK Server with complete accessories,,18/05/2021 8:55,18/05/2021 8:55
,2,49,SVER0009,GOOGLE Server with SFP Set,,18/05/2021 8:55,18/05/2021 8:55
,2,50,SWCH0001,POE Injector (PSE 31024G ),,18/05/2021 8:55,18/05/2021 8:55
,2,50,SWCH0002,Ubiquiti Tough Switch Poe Pro..Model:TS-8-PRO..,,18/05/2021 8:55,18/05/2021 8:55
,2,50,SWCH0003,TP-Link 8-port 10/100 Desktop Switch..Model: TL-SF1008D,,18/05/2021 8:55,18/05/2021 8:55
,2,50,SWCH0004,Linksys 8-port 10/100Mbps..Model: SD208..,,18/05/2021 8:55,18/05/2021 8:55
,2,50,SWCH0005,Kingtype Controller,,18/05/2021 8:55,18/05/2021 8:55
,2,50,SWCH0006,TP Link 16-port  Model: TL-SG1016D,,18/05/2021 8:55,18/05/2021 8:55
,2,50,SWCH0007,HP Switch Model: V1910-16G,,18/05/2021 8:55,18/05/2021 8:55
,2,50,SWCH0008,TP Link 8port TL-SG108PE Gigabit Easy Smart w/ 4port POE Switch,,18/05/2021 8:55,18/05/2021 8:55
,2,50,SWCH0009,POE Switch Model: POE33128PFM,,18/05/2021 8:55,18/05/2021 8:55
,2,50,SWCH0010,POE Ethernet Switch Model: DH-PFS3009,,18/05/2021 8:55,18/05/2021 8:55
,1,51,TABL00001,Clerical Tables,,18/05/2021 8:55,18/05/2021 8:55
,1,51,TABL00002,Lifetime Tables,,18/05/2021 8:55,18/05/2021 8:55
,1,52,TARP0001,Tarpauline,,18/05/2021 8:55,18/05/2021 8:55
,1,108,TERM0001,Terminal box plastic type,,18/05/2021 8:55,18/05/2021 8:55
,1,108,TERM0002,Terminal box metal type,,18/05/2021 8:55,18/05/2021 8:55
,1,53,TOLS0001,Plier,,18/05/2021 8:55,18/05/2021 8:55
,1,53,TOLS0002,Long Nose Plier,,18/05/2021 8:55,18/05/2021 8:55
,1,53,TOLS0003,Side Cutter,,18/05/2021 8:55,18/05/2021 8:55
,1,53,TOLS0004,Star Screw Driver,,18/05/2021 8:55,18/05/2021 8:55
,1,53,TOLS0005,Flat Screw Driver,,18/05/2021 8:55,18/05/2021 8:55
,1,53,TOLS0006,Allien Wrench,,18/05/2021 8:55,18/05/2021 8:55
,1,53,TOLS0007,Electric Drill (Martec),,18/05/2021 8:55,18/05/2021 8:55
,1,53,TOLS0010,Steel Banding / Stainless Wrap,,18/05/2021 8:55,18/05/2021 8:55
,1,53,TOLS0011,Buckle Lock / Stainless Wrap Lock,,18/05/2021 8:55,18/05/2021 8:55
,1,53,TOLS0012,Banding Tools/Tensioner,,18/05/2021 8:55,18/05/2021 8:55
,1,53,TOLS0014,Lever Block (Rochet),,18/05/2021 8:55,18/05/2021 8:55
,1,53,TOLS0015,Ripley Miller,,18/05/2021 8:55,18/05/2021 8:55
,1,53,TOLS0016,Tool Box,,18/05/2021 8:55,18/05/2021 8:55
,1,53,TOLS0017,Traffic Cone,,18/05/2021 8:55,18/05/2021 8:55
,1,53,TOLS0018,Metal Saw,,18/05/2021 8:55,18/05/2021 8:55
,1,53,TOLS0019,LED Emergency Light,,18/05/2021 8:55,18/05/2021 8:55
,1,53,TOLS0020,Blade Cutter (Heavy Duty),,18/05/2021 8:55,18/05/2021 8:55
,1,53,TOLS0021,Butane Gas,,18/05/2021 8:55,18/05/2021 8:55
,1,53,TOLS0022,Blue Torch,,18/05/2021 8:55,18/05/2021 8:55
,2,38,TON00001,HP#12 Q2612A Toner,,18/05/2021 8:55,18/05/2021 8:55
,2,38,TON00002,Premium 17A CF217A Compatible Toner,,18/05/2021 8:55,18/05/2021 8:55
,1,107,TRAP0001,Maruzen s200 trapal,,18/05/2021 8:55,18/05/2021 8:55
,2,109,UPS00001,Eaton 5E 1100I USB UPS,,18/05/2021 8:55,18/05/2021 8:55
,2,109,UPS00002,UPS-Uninterruptible Power Supply 1000VA,,18/05/2021 8:55,18/05/2021 8:55
,2,109,UPS00003,Delta 600VA VX 600VA UPS,,18/05/2021 8:55,18/05/2021 8:55
,2,109,UPS00004,IDEAL 650VA 5106C BLK w/ AVR,,18/05/2021 8:55,18/05/2021 8:55
,2,109,UPS00005,VERTIV 600VA  PSA UPS,,18/05/2021 8:55,18/05/2021 8:55
,2,109,UPS00006,EATON 650VA 5L USB PH,,18/05/2021 8:55,18/05/2021 8:55
,2,109,UPS00007,APC BX650LI-MS 650VA/325W UPS,,18/05/2021 8:55,18/05/2021 8:55
,2,109,UPS00008,Secure 500W AVR,,18/05/2021 8:55,18/05/2021 8:55
,1,9,UTP00001,UTP CAT6 SOLID 24AWG 0.5MM BARE COPPER LAN CABLE PVC 305M,,18/05/2021 8:55,18/05/2021 8:55
,1,9,UTP00002,UTP CAT6 SOLID Outdoor (black),,18/05/2021 8:55,18/05/2021 8:55
,1,9,UTP00003,UTP Cat6 Cable,,18/05/2021 8:55,18/05/2021 8:55
,1,9,UTP00004,STP Cable,,18/05/2021 8:55,18/05/2021 8:55
,1,9,UTP00005,Belden UTP Cat5E Cable,,18/05/2021 8:55,18/05/2021 8:55
,2,55,VCRD0001,PALIT GT730-2GBGDDR5 -64BIT VIDEO CARD,,18/05/2021 8:55,18/05/2021 8:55
,2,55,VCRD0002,PALIT GT710-1GB VIDEO CARD,,18/05/2021 8:55,18/05/2021 8:55
,2,55,VCRD0003,ASUS 2GB PH-GTX1050-2G DDR5 128BIT Video Card (DVI/HDMI/DP),,18/05/2021 8:55,18/05/2021 8:55
,1,107,WDIS0001,Hanabishi Water Dispenser,,18/05/2021 8:55,18/05/2021 8:55
,1,107,WDIS0002,Fujidenzo Water Dispenser,,18/05/2021 8:55,18/05/2021 8:55
,1,1,WIRE0001,Ordinary Conduit Flexible Metallic 1/2 brand,,18/05/2021 8:55,18/05/2021 8:55
,2,56,WRLS00001,Ubiquiti AP 24 V 0.5A  with power supply,,18/05/2021 8:55,18/05/2021 8:55
,2,56,WRLS00003,TP-Link Access point,,18/05/2021 8:55,18/05/2021 8:55
,2,56,WRLS00004,Ubiquiti Radio ( Pair),,18/05/2021 8:55,18/05/2021 8:55
,2,56,WRLS00007,Linksys 32 Button Attendant console,,18/05/2021 8:55,18/05/2021 8:55
,2,56,WRLS00008,Wireless-N- Mini router,,18/05/2021 8:55,18/05/2021 8:55
,2,56,WRLS00009,UBIQUITI UAP-AC PRO ACCESS POINT W/ POWER ADAPTER,,18/05/2021 8:55,18/05/2021 8:55
,2,56,WRLS00010,UBIQUITI UAP-LR ACCESS POINT W/POWER ADAPTER,,18/05/2021 8:55,18/05/2021 8:55
,2,56,WRLS00011,UBIQUITI UAP-AC HD ACCESS POINT W/POWER ADAPTER,,18/05/2021 8:55,18/05/2021 8:55
,2,56,WRLS00012,TP LINK TG-3468 GIGABIT PCIE LAN CARD,,18/05/2021 8:55,18/05/2021 8:55
,2,56,WRLS00013,MIKROTIK HAP MINI (HOME ACCESS POINT),,18/05/2021 8:55,18/05/2021 8:55
,2,56,WRLS00014,UBIQUITI Unifi AC Mesh Pro,,18/05/2021 8:55,18/05/2021 8:55
,2,56,WRLS00015,UBIQUITI Unifi Cloud Key,,18/05/2021 8:55,18/05/2021 8:55
,2,56,WRLS00016,USG-AR Gateway,,18/05/2021 8:55,18/05/2021 8:55
,2,56,WRLS00017,US-8-150W POE Switch,,18/05/2021 8:55,18/05/2021 8:55
,2,56,WRLS00018,UBIQUITI UAP-AC-PRO-US,,18/05/2021 8:55,18/05/2021 8:55
,2,50,ZYXL0001,Zyxel Switch Model: MGS 3520-28,,18/05/2021 8:55,18/05/2021 8:55
,2,50,ZYXL0002,Zyxel Switch Model: MGS 3520-28F,,18/05/2021 8:55,18/05/2021 8:55
,2,50,ZYXL0003,Zyxel Switch Model: MGS 3750-28F,,18/05/2021 8:55,18/05/2021 8:55
,2,50,ZYXL0004,Zyxel Switch Model: MGS 3712,,18/05/2021 8:55,18/05/2021 8:55
,2,50,ZYXL0005,Zyxel Switch Model: MGS 3712F,,18/05/2021 8:55,18/05/2021 8:55
,2,50,ZYXL0006,Zyxel Switch Model: GS 2210-8,,18/05/2021 8:55,18/05/2021 8:55
,2,50,ZYXL0007,Zyxel Switch Model: GS 2210-24,,18/05/2021 8:55,18/05/2021 8:55
,2,50,ZYXL0008,Zyxel Switch Model: GS 2200-8,,18/05/2021 8:55,18/05/2021 8:55
,2,50,ZYXL0009,Zyxel Switch Model: GS2200-24,,18/05/2021 8:55,18/05/2021 8:55
,2,50,ZYXL0010,Zyxel Switch Model: GS 2220-10,,18/05/2021 8:55,18/05/2021 8:55
,2,50,ZYXL0011,Zyxel Switch Model: GS 2220-28,,18/05/2021 8:55,18/05/2021 8:55
,2,50,ZYXL0012,Zyxel Switch Model: GS 3012,,18/05/2021 8:55,18/05/2021 8:55
,2,50,ZYXL0013,Zyxel Switch Model: MES 3500-8PD,,18/05/2021 8:55,18/05/2021 8:55
,2,50,ZYXL0014,Zyxel Switch Model: MES 3500-10,,18/05/2021 8:55,18/05/2021 8:55
,2,50,ZYXL0015,Zyxel Switch Model: MES 3500-24F,,18/05/2021 8:55,18/05/2021 8:55
,2,50,ZYXL0016,Zyxel Switch Model: ES 2108,,18/05/2021 8:55,18/05/2021 8:55
,2,50,ZYXL0017,Zyxel Switch Model: ES 3124F,,18/05/2021 8:55,18/05/2021 8:55
,2,50,ZYXL0018,Zyxel Switch Model: ES 315-F,,18/05/2021 8:55,18/05/2021 8:55
,2,50,ZYXL0019,Zyxel Switch Model: XS 3700-24,,18/05/2021 8:55,18/05/2021 8:55
,2,50,ZYXL0020,Zyxel Switch Model: XGS 4526,,18/05/2021 8:55,18/05/2021 8:55
,2,50,ZYXL0021,Zyxel Switch Model: XGS 3600-24F,,18/05/2021 8:55,18/05/2021 8:55
,2,50,ZYXL0022,Zyxel Switch Model: XGS 3600-26F,,18/05/2021 8:55,18/05/2021 8:55
,2,50,ZYXL0023,Zyxel Switch Model: TL SG1008..,,18/05/2021 8:55,18/05/2021 8:55
,2,50,ZYXL0024,Zyxel Switch Model: P600 Series,,18/05/2021 8:55,18/05/2021 8:55
,2,50,ZYXL0025,Zyxel Switch Model: P645 Series,,18/05/2021 8:55,18/05/2021 8:55
